column,label,values_json
AGEP,Age,"{""item"": {""0"": ""Under 1 year""}, ""range"": [{""min"": ""1"", ""max"": ""99"", ""description"": ""1 to 99 years (Top-coded)""}]}"
CIT,Citizenship status,"{""item"": {""2"": ""Born in Puerto Rico, Guam, the U.S. Virgin Islands, or the Northern Marianas"", ""1"": ""Born in the U.S."", ""4"": ""U.S. citizen by naturalization"", ""3"": ""Born abroad of U.S. citizen parent or parents"", ""5"": ""Not a citizen of the U.S.""}}"
DIS,Disability recode,"{""item"": {""1"": ""With a disability"", ""2"": ""Without a disability""}}"
ENG,Ability to speak English,"{""item"": {""4"": ""Not at all"", ""1"": ""Very well"", ""3"": ""Not well"", ""2"": ""Well"", ""0"": ""N/A (less than 5 years old/speaks only English)""}}"
ESR,Employment status recode,"{""item"": {""5"": ""Armed Forces, With a Job But Not At Work"", ""3"": ""Unemployed"", ""1"": ""Civilian employed, at work"", ""6"": ""Not in Labor Force"", ""2"": ""Civilian employed, with a job but not at work"", ""0"": ""N/A (less than 16 years old)"", ""4"": ""Armed Forces, At Work""}}"
HICOV,Health insurance coverage recode,"{""item"": {""2"": ""No health insurance coverage"", ""1"": ""With health insurance coverage""}}"
LANP,Language other than English spoken at home,"{""item"": {""N"": ""N/A (GQ/vacant)"", ""1132"": ""Dutch"", ""1220"": ""Romanian"", ""1231"": ""Irish"", ""1450"": ""Gujarati"", ""1565"": ""Finnish"", ""1730"": ""Telugu"", ""1970"": ""Chinese"", ""2030"": ""Min Nan Chinese"", ""2850"": ""Other languages of Asia"", ""3420"": ""Samoan"", ""4565"": ""Chaldean Neo-Aramaic"", ""4640"": ""Tigrinya"", ""5900"": ""Other Mande languages"", ""6800"": ""Aleut languages"", ""6839"": ""Ojibwa"", ""7019"": ""Dakota languages"", ""7032"": ""Muskogean languages"", ""1000"": ""Jamaican Creole English"", ""1130"": ""Yiddish"", ""1170"": ""French"", ""1200"": ""Spanish"", ""1242"": ""Albanian"", ""1273"": ""Bulgarian"", ""1278"": ""Serbian"", ""1420"": ""Punjabi"", ""2000"": ""Mandarin"", ""2920"": ""Tagalog"", ""6230"": ""Gbe languages"", ""6370"": ""Igbo"", ""6500"": ""Other Niger-Congo languages"", ""7050"": ""Cherokee"", ""7300"": ""Other Middle and South American languages"", ""1110"": ""German"", ""1210"": ""Portuguese"", ""1360"": ""Urdu"", ""1540"": ""Other Indo-Iranian languages"", ""2575"": ""Korean"", ""2910"": ""Filipino"", ""2950"": ""Cebuano"", ""3500"": ""Tongan"", ""3600"": ""Other Eastern Malayo-Polynesian languages"", ""4560"": ""Assyrian Neo-Aramaic"", ""4590"": ""Amharic"", ""4830"": ""Oromo"", ""4880"": ""Other Afro-Asiatic languages"", ""5940"": ""Fulah"", ""6290"": ""Yoruba"", ""1120"": ""Swiss German"", ""1175"": ""Cajun French"", ""1250"": ""Russian"", ""1275"": ""Serbocroatian"", ""1277"": ""Croatian"", ""1281"": ""Lithuanian"", ""1327"": ""Pashto"", ""1530"": ""Sinhala"", ""2770"": ""Indonesian"", ""3190"": ""Other Philippine languages"", ""4545"": ""Hebrew"", ""4840"": ""Somali"", ""5950"": ""Wolof"", ""6120"": ""Akan (including Twi)"", ""6205"": ""Ga"", ""1134"": ""Afrikaans"", ""1140"": ""Swedish"", ""1155"": ""Italian"", ""1270"": ""Polish"", ""1283"": ""Latvian"", ""1290"": ""Farsi"", ""1350"": ""Hindi"", ""1380"": ""Bengali"", ""1564"": ""Other Indo-European languages"", ""1960"": ""Vietnamese"", ""2100"": ""Tibetan"", ""2160"": ""Burmese"", ""3220"": ""Chamorro"", ""5150"": ""Swahili"", ""6795"": ""Other languages of Africa"", ""7124"": ""Other Native North American languages"", ""1125"": ""Pennsylvania German"", ""1276"": ""Bosnian"", ""1288"": ""Armenian"", ""1315"": ""Kurdish"", ""1690"": ""Mongolian"", ""1765"": ""Tamil"", ""1900"": ""Khmer"", ""2350"": ""Karen languages"", ""2475"": ""Lao"", ""2560"": ""Japanese"", ""3150"": ""Ilocano"", ""3270"": ""Marshallese"", ""5525"": ""Shona"", ""6300"": ""Edoid languages"", ""9999"": ""Other and unspecified languages"", ""1025"": ""Other English-based Creole languages"", ""1142"": ""Norwegian"", ""1235"": ""Greek"", ""1260"": ""Ukrainian"", ""1262"": ""Czech"", ""1274"": ""Macedonian"", ""1340"": ""India N.E.C."", ""1435"": ""Konkani"", ""1440"": ""Marathi"", ""1582"": ""Hungarian"", ""1675"": ""Turkish"", ""1737"": ""Kannada"", ""1750"": ""Malayalam"", ""2050"": ""Cantonese"", ""2270"": ""Chin languages"", ""2430"": ""Thai"", ""2525"": ""Iu Mien"", ""2535"": ""Hmong"", ""2715"": ""Malay"", ""3350"": ""Chuukese"", ""1055"": ""Haitian"", ""4900"": ""Nilo-Saharan languages"", ""5345"": ""Ganda"", ""6930"": ""Apache languages"", ""6933"": ""Navajo"", ""1069"": ""Kabuverdianu"", ""1141"": ""Danish"", ""1263"": ""Slovak"", ""1292"": ""Dari"", ""1500"": ""Nepali"", ""3570"": ""Hawaiian"", ""4500"": ""Arabic"", ""5645"": ""Other Bantu languages"", ""5845"": ""Manding languages"", ""7060"": ""Uto-Aztecan languages""}}"
LANX,Language other than English spoken at home,"{""item"": {""1"": ""Yes, Speaks Another Language"", ""0"": ""N/A (less than 5 years old)"", ""2"": ""No, Speaks Only English""}}"
MAR,Marital status,"{""item"": {""1"": ""Married"", ""5"": ""Never married or under 15 years old"", ""2"": ""Widowed"", ""3"": ""Divorced"", ""4"": ""Separated""}}"
MIG,Mobility status (lived here 1 year ago),"{""item"": {""2"": ""No, outside US and Puerto Rico"", ""3"": ""No, different house in US or Puerto Rico"", ""1"": ""Yes, same house (nonmovers)"", ""0"": ""N/A(less than 1 year old)""}}"
MSP,"Married, spouse present/spouse absent","{""item"": {""3"": ""Widowed"", ""1"": ""Now Married, Spouse Present"", ""2"": ""Now Married, Spouse Absent"", ""4"": ""Divorced"", ""6"": ""Never Married"", ""5"": ""Separated"", ""0"": ""N/A (age less than 15 years)""}}"
NATIVITY,Nativity,"{""item"": {""2"": ""Foreign born"", ""1"": ""Native""}}"
OCCP,Occupation recode for 2018 and later based on 2018 OCC codes,"{""item"": {""0160"": ""MGR-Transportation, Storage, And Distribution Managers"", ""0420"": ""MGR-Social And Community Service Managers"", ""0425"": ""MGR-Emergency Management Directors"", ""0500"": ""BUS-Agents And Business Managers Of Artists, Performers, And Athletes"", ""0640"": ""BUS-Compensation, Benefits, And Job Analysis Specialists"", ""0705"": ""BUS-Project Management Specialists"", ""0820"": ""FIN-Budget Analysts"", ""1010"": ""CMM-Computer Programmers"", ""1032"": ""CMM-Web And Digital Interface Designers"", ""1105"": ""CMM-Network And Computer Systems Administrators"", ""1305"": ""ENG-Architects, Except Landscape And Naval"", ""1410"": ""ENG-Electrical And Electronics Engineers"", ""1450"": ""ENG-Materials Engineers"", ""1541"": ""ENG-Architectural And Civil Drafters"", ""1720"": ""SCI-Chemists And Materials Scientists"", ""1800"": ""SCI-Economists"", ""2003"": ""CMS-Marriage And Family Therapists"", ""2060"": ""CMS-Religious Workers, All Other"", ""2300"": ""EDU-Preschool And Kindergarten Teachers"", ""2310"": ""EDU-Elementary And Middle School Teachers"", ""2320"": ""EDU-Secondary School Teachers"", ""2636"": ""ENT-Merchandise Displayers And Window Trimmers"", ""2640"": ""ENT-Other Designers"", ""2810"": ""ENT-News Analysts, Reporters, And Journalists"", ""2865"": ""ENT-Media And Communication Workers, All Other"", ""2905"": ""ENT-Other Media And Communication Equipment Workers"", ""3220"": ""MED-Respiratory Therapists"", ""3324"": ""MED-Magnetic Resonance Imaging Technologists"", ""3421"": ""MED-Pharmacy Technicians"", ""3430"": ""MED-Dietetic Technicians And Ophthalmic Medical Technicians"", ""3545"": ""MED-Miscellaneous Health Technologists and Technicians"", ""3603"": ""HLS-Nursing Assistants"", ""3620"": ""HLS-Physical Therapist Assistants And Aides"", ""3646"": ""HLS-Medical Transcriptionists"", ""3647"": ""HLS-Pharmacy Aides"", ""3720"": ""PRT-First-Line Supervisors Of Firefighting And Prevention Workers"", ""3802"": ""PRT-Correctional Officers and Jailers"", ""3870"": ""PRT-Police Officers"", ""3910"": ""PRT-Private Detectives And Investigators"", ""3945"": ""PRT-Transportation Security Screeners"", ""4020"": ""EAT-Cooks"", ""4110"": ""EAT-Waiters And Waitresses"", ""4130"": ""EAT-Dining Room And Cafeteria Attendants And Bartender Helpers"", ""4240"": ""CLN-Pest Control Workers"", ""4340"": ""PRS-Animal Trainers"", ""4465"": ""PRS-Morticians, Undertakers, And Funeral Arrangers"", ""4540"": ""PRS-Tour And Travel Guides"", ""4800"": ""SAL-Advertising Sales Agents"", ""4940"": ""SAL-Telemarketers"", ""5020"": ""OFF-Telephone Operators"", ""5140"": ""OFF-Payroll And Timekeeping Clerks"", ""5150"": ""OFF-Procurement Clerks"", ""5250"": ""OFF-Eligibility Interviewers, Government Programs"", ""5330"": ""OFF-Loan Interviewers And Clerks"", ""5340"": ""OFF-New Accounts Clerks"", ""5420"": ""OFF-Other Information And Records Clerks"", ""5610"": ""OFF-Shipping, Receiving, And Inventory Clerks"", ""5630"": ""OFF-Weighers, Measurers, Checkers, And Samplers, Recordkeeping"", ""5730"": ""OFF-Medical Secretaries and Administrative Assistants"", ""5840"": ""OFF-Insurance Claims And Policy Processing Clerks"", ""6530"": ""CON-Structural Iron And Steel Workers"", ""7120"": ""RPR-Audiovisual Equipment Installers And Repairers"", ""7130"": ""RPR-Security And Fire Alarm Systems Installers"", ""7140"": ""RPR-Aircraft Mechanics And Service Technicians"", ""7730"": ""PRD-Engine And Other Machine Assemblers"", ""7750"": ""PRD-Other Assemblers And Fabricators"", ""7925"": ""PRD-Forming Machine Setters, Operators, And Tenders, Metal And Plastic"", ""8025"": ""PRD-Other Machine Tool Setters, Operators, And Tenders, Metal and Plastic"", ""8225"": ""PRD-Other Metal Workers And Plastic Workers"", ""8250"": ""PRD-Prepress Technicians And Workers"", ""8600"": ""PRD-Power Plant Operators, Distributors, And Dispatchers"", ""8610"": ""PRD-Stationary Engineers And Boiler Operators"", ""8710"": ""PRD-Cutting Workers"", ""8750"": ""PRD-Jewelers And Precious Stone And Metal Workers"", ""8810"": ""PRD-Painting Workers"", ""8930"": ""PRD-Paper Goods Machine Setters, Operators, And Tenders"", ""9040"": ""TRN-Air Traffic Controllers And Airfield Operations Specialists"", ""9570"": ""TRN-Conveyor, Dredge, And Hoist and Winch Operators"", ""9630"": ""TRN-Machine Feeders And Offbearers"", ""8950"": ""PRD-Helpers--Production Workers"", ""0010"": ""MGR-Chief Executives And Legislators"", ""0102"": ""MGR-Facilities Managers"", ""0335"": ""MGR-Entertainment and Recreation Managers"", ""0340"": ""MGR-Lodging Managers"", ""0630"": ""BUS-Human Resources Workers"", ""0960"": ""FIN-Other Financial Specialists"", ""1005"": ""CMM-Computer And Information Research Scientists"", ""1007"": ""CMM-Information Security Analysts"", ""1022"": ""CMM-Software Quality Assurance Analysts and Testers"", ""1860"": ""SCI-Other Social Scientists"", ""1900"": ""SCI-Agricultural And Food Science Technicians"", ""2006"": ""CMS-Counselors, All Other"", ""2011"": ""CMS-Child, Family, And School Social Workers"", ""2015"": ""CMS-Probation Officers And Correctional Treatment Specialists"", ""2180"": ""LGL-Legal Support Workers, All Other"", ""2555"": ""EDU-Other Educational Instruction And Library Workers"", ""2633"": ""ENT-Floral Designers"", ""2721"": ""ENT-Athletes and Sports Competitors"", ""2755"": ""ENT-Disc Jockeys, Except Radio"", ""2850"": ""ENT-Writers And Authors"", ""2910"": ""ENT-Photographers"", ""3150"": ""MED-Occupational Therapists"", ""3200"": ""MED-Radiation Therapists"", ""3630"": ""HLS-Massage Therapists"", ""3640"": ""HLS-Dental Assistants"", ""3649"": ""HLS-Phlebotomists"", ""3655"": ""HLS-Other Healthcare Support Workers"", ""3725"": ""PRT-Miscellaneous First-Line Supervisors, Protective Service Workers"", ""3750"": ""PRT-Fire Inspectors"", ""3840"": ""PRT-Fish And Game Wardens And Parking Enforcement Officers"", ""3946"": ""PRT-School Bus Monitors"", ""4055"": ""EAT-Fast Food And Counter Workers"", ""4120"": ""EAT-Food Servers, Nonrestaurant"", ""4160"": ""EAT-Food Preparation and Serving Related Workers, All Other"", ""4200"": ""CLN-First-Line Supervisors Of Housekeeping And Janitorial Workers"", ""4252"": ""CLN-Tree Trimmers and Pruners"", ""4522"": ""PRS-Skincare Specialists"", ""4600"": ""PRS-Childcare Workers"", ""4622"": ""PRS-Recreation Workers"", ""4720"": ""SAL-Cashiers"", ""5040"": ""OFF-Communications Equipment Operators, All Other"", ""5400"": ""OFF-Receptionists And Information Clerks"", ""5710"": ""OFF-Executive Secretaries And Executive Administrative Assistants"", ""5860"": ""OFF-Office Clerks, General"", ""6010"": ""FFF-Agricultural Inspectors"", ""6240"": ""CON-Carpet, Floor, And Tile Installers And Finishers"", ""6355"": ""CON-Electricians"", ""6740"": ""CON-Rail-Track Laying And Maintenance Equipment Operators"", ""6825"": ""EXT-Surface Mining Machine Operators And Earth Drillers"", ""6850"": ""EXT-Underground Mining Machine Operators"", ""7020"": ""RPR-Radio And Telecommunications Equipment Installers And Repairers"", ""7200"": ""RPR-Automotive Service Technicians And Mechanics"", ""7260"": ""RPR-Miscellaneous Vehicle And Mobile Equipment Mechanics, Installers, And Repairers"", ""7350"": ""RPR-Maintenance Workers, Machinery"", ""7360"": ""RPR-Millwrights"", ""8030"": ""PRD-Machinists"", ""8140"": ""PRD-Welding, Soldering, And Brazing Workers"", ""8310"": ""PRD-Pressers, Textile, Garment, And Related Materials"", ""8555"": ""PRD-Other Woodworkers"", ""9350"": ""TRN-Parking Attendants"", ""9415"": ""TRN-Passenger Attendants"", ""N"": ""N/A (less than 16 years old/not in labor force (NILF) who last worked more than 5 years ago or never worked)"", ""0110"": ""MGR-Computer And Information Systems Managers"", ""0137"": ""MGR-Training And Development Managers"", ""0140"": ""MGR-Industrial Production Managers"", ""0150"": ""MGR-Purchasing Managers"", ""0510"": ""BUS-Buyers And Purchasing Agents, Farm Products"", ""0650"": ""BUS-Training And Development Specialists"", ""0726"": ""BUS-Fundraisers"", ""0845"": ""FIN-Financial And Investment Analysts"", ""0850"": ""FIN-Personal Financial Advisors"", ""1310"": ""ENG-Surveyors, Cartographers, And Photogrammetrists"", ""1420"": ""ENG-Environmental Engineers"", ""1530"": ""ENG-Other Engineers"", ""1750"": ""SCI-Geoscientists And Hydrologists, Except Geographers"", ""1822"": ""SCI-School Psychologists"", ""2004"": ""CMS-Mental Health Counselors"", ""2205"": ""EDU-Postsecondary Teachers"", ""2330"": ""EDU-Special Education Teachers"", ""2545"": ""EDU-Teaching Assistants"", ""2631"": ""ENT-Commercial And Industrial Designers"", ""2723"": ""ENT-Umpires, Referees, And Other Sports Officials"", ""2861"": ""ENT-Interpreters and Translators"", ""3140"": ""MED-Audiologists"", ""3160"": ""MED-Physical Therapists"", ""3256"": ""MED-Nurse Anesthetists"", ""3422"": ""MED-Psychiatric Technicians"", ""3605"": ""HLS-Orderlies and Psychiatric Aides"", ""3740"": ""PRT-Firefighters"", ""3820"": ""PRT-Detectives And Criminal Investigators"", ""3960"": ""PRT-Other Protective Service Workers"", ""4010"": ""EAT-First-Line Supervisors Of Food Preparation And Serving Workers"", ""4030"": ""EAT-Food Preparation Workers"", ""4210"": ""CLN-First-Line Supervisors Of Landscaping, Lawn Service, And Groundskeeping Workers"", ""4750"": ""SAL-Parts Salespersons"", ""4810"": ""SAL-Insurance Sales Agents"", ""4965"": ""SAL-Sales And Related Workers, All Other"", ""5160"": ""OFF-Tellers"", ""5240"": ""OFF-Customer Service Representatives"", ""5300"": ""OFF-Hotel, Motel, And Resort Desk Clerks"", ""5320"": ""OFF-Library Assistants, Clerical"", ""5500"": ""OFF-Cargo And Freight Agents"", ""5510"": ""OFF-Couriers And Messengers"", ""5521"": ""OFF-Public Safety Telecommunicators"", ""5540"": ""OFF-Postal Service Clerks"", ""5820"": ""OFF-Word Processors And Typists"", ""6005"": ""FFF-First-Line Supervisors Of Farming, Fishing, And Forestry Workers"", ""6050"": ""FFF-Other Agricultural Workers"", ""6115"": ""FFF-Fishing And Hunting Workers"", ""6120"": ""FFF-Forest And Conservation Workers"", ""6130"": ""FFF-Logging Workers"", ""6220"": ""CON-Brickmasons, Blockmasons, Stonemasons, And Reinforcing Iron And Rebar Workers"", ""6305"": ""CON-Construction Equipment Operators"", ""6410"": ""CON-Painters and Paperhangers"", ""6600"": ""CON-Helpers, Construction Trades"", ""7150"": ""RPR-Automotive Body And Related Repairers"", ""7315"": ""RPR-Heating, Air Conditioning, And Refrigeration Mechanics And Installers"", ""7560"": ""RPR-Riggers"", ""8320"": ""PRD-Sewing Machine Operators"", ""8620"": ""PRD-Water And Wastewater Treatment Plant And System Operators"", ""9122"": ""TRN-Bus Drivers, Transit And Intercity"", ""9141"": ""TRN-Shuttle Drivers And Chauffeurs"", ""9265"": ""TRN-Other Rail Transportation Workers"", ""9365"": ""TRN-Transportation Service Attendants"", ""9410"": ""TRN-Transportation Inspectors"", ""9510"": ""TRN-Crane And Tower Operators"", ""9600"": ""TRN-Industrial Truck And Tractor Operators"", ""0205"": ""MGR-Farmers, Ranchers, And Other Agricultural Managers"", ""0360"": ""MGR-Natural Sciences Managers"", ""0440"": ""MGR-Other Managers"", ""0530"": ""BUS-Purchasing Agents, Except Wholesale, Retail, And Farm Products"", ""0600"": ""BUS-Cost Estimators"", ""0700"": ""BUS-Logisticians"", ""0900"": ""FIN-Financial Examiners"", ""1430"": ""ENG-Industrial Engineers, Including Health And Safety"", ""1460"": ""ENG-Mechanical Engineers"", ""1545"": ""ENG-Other Drafters"", ""1610"": ""SCI-Biological Scientists"", ""1710"": ""SCI-Atmospheric And Space Scientists"", ""1821"": ""SCI-Clinical And Counseling Psychologists"", ""1825"": ""SCI-Other Psychologists"", ""2005"": ""CMS-Rehabilitation Counselors"", ""2013"": ""CMS-Mental Health And Substance Abuse Social Workers"", ""2025"": ""CMS-Other Community and Social Service Specialists"", ""2040"": ""CMS-Clergy"", ""2632"": ""ENT-Fashion Designers"", ""2710"": ""ENT-Producers And Directors"", ""2740"": ""ENT-Dancers And Choreographers"", ""2752"": ""ENT-Musicians and Singers"", ""2805"": ""ENT-Broadcast Announcers And Radio Disc Jockeys"", ""2920"": ""ENT-Television, Video, And Film Camera Operators And Editors"", ""3040"": ""MED-Optometrists"", ""3050"": ""MED-Pharmacists"", ""3310"": ""MED-Dental Hygienists"", ""3323"": ""MED-Radiologic Technologists And Technicians"", ""3424"": ""MED-Veterinary Technologists and Technicians"", ""3550"": ""MED-Other Healthcare Practitioners and Technical Occupations"", ""3900"": ""PRT-Animal Control Workers"", ""3940"": ""PRT-Crossing Guards And Flaggers"", ""4350"": ""PRS-Animal Caretakers"", ""4621"": ""PRS-Exercise Trainers And Group Fitness Instructors"", ""4640"": ""PRS-Residential Advisors"", ""4760"": ""SAL-Retail Salespersons"", ""4820"": ""SAL-Securities, Commodities, And Financial Services Sales Agents"", ""4830"": ""SAL-Travel Agents"", ""4850"": ""SAL-Sales Representatives, Wholesale And Manufacturing"", ""5110"": ""OFF-Billing And Posting Clerks"", ""5260"": ""OFF-File Clerks"", ""5350"": ""OFF-Correspondence Clerks And Order Clerks"", ""5360"": ""OFF-Human Resources Assistants, Except Payroll And Timekeeping"", ""6230"": ""CON-Carpenters"", ""6260"": ""CON-Construction Laborers"", ""6400"": ""CON-Insulation Workers"", ""6515"": ""CON-Roofers"", ""6710"": ""CON-Fence Erectors"", ""6800"": ""EXT-Derrick, Rotary Drill, And Service Unit Operators, And Roustabouts, Oil And Gas"", ""7160"": ""RPR-Automotive Glass Installers And Repairers"", ""7330"": ""RPR-Industrial And Refractory Machinery Mechanics"", ""7540"": ""RPR-Locksmiths And Safe Repairers"", ""7640"": ""RPR-Other Installation, Maintenance, And Repair Workers"", ""7720"": ""PRD-Electrical, Electronics, And Electromechanical Assemblers"", ""8130"": ""PRD-Tool And Die Makers"", ""8465"": ""PRD-Other Textile, Apparel, And Furnishings Workers"", ""8630"": ""PRD-Miscellaneous Plant And System Operators"", ""8640"": ""PRD-Chemical Processing Machine Setters, Operators, And Tenders"", ""8720"": ""PRD-Extruding, Forming, Pressing, And Compacting Machine Setters, Operators, And Tenders"", ""8740"": ""PRD-Inspectors, Testers, Sorters, Samplers, And Weighers"", ""8920"": ""PRD-Molders, Shapers, And Casters, Except Metal And Plastic"", ""8990"": ""PRD-Miscellaneous Production Workers, Including Equipment Operators And Tenders"", ""9110"": ""TRN-Ambulance Drivers And Attendants, Except Emergency Medical Technicians"", ""9150"": ""TRN-Motor Vehicle Operators, All Other"", ""9240"": ""TRN-Railroad Conductors And Yardmasters"", ""9610"": ""TRN-Cleaners Of Vehicles And Equipment"", ""9760"": ""TRN-Other Material Moving Workers"", ""0136"": ""MGR-Human Resources Managers"", ""0725"": ""BUS-Meeting, Convention, And Event Planners"", ""0830"": ""FIN-Credit Analysts"", ""1006"": ""CMM-Computer Systems Analysts"", ""1220"": ""CMM-Operations Research Analysts"", ""1320"": ""ENG-Aerospace Engineers"", ""1340"": ""ENG-Biomedical And Agricultural Engineers"", ""1440"": ""ENG-Marine Engineers And Naval Architects"", ""1520"": ""ENG-Petroleum, Mining And Geological Engineers, Including Mining Safety Engineers"", ""1551"": ""ENG-Electrical And Electronic Engineering Technologists And Technicians"", ""1555"": ""ENG-Other Engineering Technologists And Technicians, Except Drafters"", ""1600"": ""SCI-Agricultural And Food Scientists"", ""1745"": ""SCI-Environmental Scientists And Specialists, Including Health"", ""2014"": ""CMS-Social Workers, All Other"", ""2170"": ""LGL-Title Examiners, Abstractors, and Searchers"", ""2360"": ""EDU-Other Teachers and Instructors"", ""2400"": ""EDU-Archivists, Curators, And Museum Technicians"", ""2440"": ""EDU-Library Technicians"", ""2700"": ""ENT-Actors"", ""2722"": ""ENT-Coaches and Scouts"", ""2830"": ""ENT-Editors"", ""2840"": ""ENT-Technical Writers"", ""3010"": ""MED-Dentists"", ""3090"": ""MED-Physicians"", ""3100"": ""MED-Surgeons"", ""3300"": ""MED-Clinical Laboratory Technologists And Technicians"", ""3322"": ""MED-Diagnostic Medical Sonographers"", ""3423"": ""MED-Surgical Technologists"", ""3610"": ""HLS-Occupational Therapy Assistants And Aides"", ""3645"": ""HLS-Medical Assistants"", ""3648"": ""HLS-Veterinary Assistants And Laboratory Animal Caretakers"", ""3930"": ""PRT-Security Guards And Gambling Surveillance Officers"", ""4040"": ""EAT-Bartenders"", ""4220"": ""CLN-Janitors And Building Cleaners"", ""4230"": ""CLN-Maids And Housekeeping Cleaners"", ""4251"": ""CLN-Landscaping And Groundskeeping Workers"", ""4255"": ""CLN-Other Grounds Maintenance Workers"", ""4530"": ""PRS-Baggage Porters, Bellhops, And Concierges"", ""4655"": ""PRS-Personal Care and Service Workers, All Other"", ""4900"": ""SAL-Models, Demonstrators, And Product Promoters"", ""5100"": ""OFF-Bill And Account Collectors"", ""5230"": ""OFF-Credit Authorizers, Checkers, And Clerks"", ""5522"": ""OFF-Dispatchers, Except Police, Fire, And Ambulance"", ""5550"": ""OFF-Postal Service Mail Carriers"", ""5900"": ""OFF-Office Machine Operators, Except Computer"", ""6330"": ""CON-Drywall Installers, Ceiling Tile Installers, And Tapers"", ""6360"": ""CON-Glaziers"", ""6520"": ""CON-Sheet Metal Workers"", ""6540"": ""CON-Solar Photovoltaic Installers"", ""6950"": ""EXT-Other Extraction Workers"", ""7040"": ""RPR-Electric Motor, Power Tool, And Related Repairers"", ""7100"": ""RPR-Other Electrical And Electronic Equipment Mechanics, Installers, And Repairers"", ""7220"": ""RPR-Heavy Vehicle And Mobile Equipment Service Technicians And Mechanics"", ""7320"": ""RPR-Home Appliance Repairers"", ""7430"": ""RPR-Precision Instrument And Equipment Repairers"", ""7800"": ""PRD-Bakers"", ""7855"": ""PRD-Food Processing Workers, All Other"", ""8040"": ""PRD-Metal Furnace Operators, Tenders, Pourers, And Casters"", ""8500"": ""PRD-Cabinetmakers And Bench Carpenters"", ""8510"": ""PRD-Furniture Finishers"", ""8530"": ""PRD-Sawing Machine Setters, Operators, And Tenders, Wood"", ""8940"": ""PRD-Tire Builders"", ""9005"": ""TRN-Supervisors Of Transportation And Material Moving Workers"", ""9142"": ""TRN-Taxi Drivers"", ""9300"": ""TRN-Sailors And Marine Oilers, And Ship Engineers"", ""9640"": ""TRN-Packers And Packagers, Hand"", ""9645"": ""TRN-Stockers And Order Fillers"", ""9825"": ""MIL-Military Enlisted Tactical Operations And Air/Weapons Specialists And Crew Members"", ""0020"": ""MGR-General And Operations Managers"", ""0060"": ""MGR-Public Relations And Fundraising Managers"", ""0101"": ""MGR-Administrative Services Managers"", ""0120"": ""MGR-Financial Managers"", ""0350"": ""MGR-Medical And Health Services Managers"", ""0750"": ""BUS-Business Operations Specialists, All Other"", ""0810"": ""FIN-Property Appraisers and Assessors"", ""1031"": ""CMM-Web Developers"", ""1050"": ""CMM-Computer Support Specialists"", ""1106"": ""CMM-Computer Network Architects"", ""1240"": ""CMM-Other Mathematical Science Occupations"", ""1360"": ""ENG-Civil Engineers"", ""1650"": ""SCI-Other Life Scientists"", ""1700"": ""SCI-Astronomers And Physicists"", ""1840"": ""SCI-Urban And Regional Planners"", ""1980"": ""SCI-Occupational Health And Safety Specialists and Technicians"", ""2001"": ""CMS-Substance Abuse And Behavioral Disorder Counselors"", ""2012"": ""CMS-Healthcare Social Workers"", ""2635"": ""ENT-Interior Designers"", ""3000"": ""MED-Chiropractors"", ""3030"": ""MED-Dietitians And Nutritionists"", ""3110"": ""MED-Physician Assistants"", ""3210"": ""MED-Recreational Therapists"", ""3230"": ""MED-Speech-Language Pathologists"", ""3270"": ""MED-Healthcare Diagnosing Or Treating Practitioners, All Other"", ""3321"": ""MED-Cardiovascular Technologists and Technicians"", ""3401"": ""MED-Emergency Medical Technicians"", ""3700"": ""PRT-First-Line Supervisors Of Correctional Officers"", ""3801"": ""PRT-Bailiffs"", ""4330"": ""PRS-Supervisors Of Personal Care And Service Workers"", ""4400"": ""PRS-Gambling Services Workers"", ""4510"": ""PRS-Hairdressers, Hairstylists, And Cosmetologists"", ""4740"": ""SAL-Counter And Rental Clerks"", ""5165"": ""OFF-Other Financial Clerks"", ""5410"": ""OFF-Reservation And Transportation Ticket Agents And Travel Clerks"", ""5600"": ""OFF-Production, Planning, And Expediting Clerks"", ""5720"": ""OFF-Legal Secretaries and Administrative Assistants"", ""5810"": ""OFF-Data Entry Keyers"", ""6441"": ""CON-Pipelayers"", ""6460"": ""CON-Plasterers And Stucco Masons"", ""6765"": ""CON-Other Construction And Related Workers"", ""7240"": ""RPR-Small Engine Mechanics"", ""7700"": ""PRD-First-Line Supervisors Of Production And Operating Workers"", ""7740"": ""PRD-Structural Metal Fabricators And Fitters"", ""7950"": ""PRD-Cutting, Punching, And Press Machine Setters, Operators, And Tenders, Metal And Plastic"", ""8255"": ""PRD-Printing Press Operators"", ""8540"": ""PRD-Woodworking Machine Setters, Operators, And Tenders, Except Sawing"", ""8650"": ""PRD-Crushing, Grinding, Polishing, Mixing, And Blending Workers"", ""8730"": ""PRD-Furnace, Kiln, Oven, Drier, And Kettle Operators And Tenders"", ""8910"": ""PRD-Etchers And Engravers"", ""9050"": ""TRN-Flight Attendants"", ""9130"": ""TRN-Driver/Sales Workers And Truck Drivers"", ""9210"": ""TRN-Locomotive Engineers And Operators"", ""9310"": ""TRN-Ship And Boat Captains And Operators"", ""9720"": ""TRN-Refuse And Recyclable Material Collectors"", ""9810"": ""MIL-First-Line Enlisted Military Supervisors"", ""0040"": ""MGR-Advertising And Promotions Managers"", ""0051"": ""MGR-Marketing Managers"", ""0052"": ""MGR-Sales Managers"", ""0300"": ""MGR-Architectural And Engineering Managers"", ""0310"": ""MGR-Food Service Managers"", ""0540"": ""BUS-Claims Adjusters, Appraisers, Examiners, And Investigators"", ""0735"": ""BUS-Market Research Analysts And Marketing Specialists"", ""0800"": ""FIN-Accountants And Auditors"", ""0860"": ""FIN-Insurance Underwriters"", ""0940"": ""FIN-Tax Preparers"", ""1021"": ""CMM-Software Developers"", ""1350"": ""ENG-Chemical Engineers"", ""1400"": ""ENG-Computer Hardware Engineers"", ""1560"": ""ENG-Surveying And Mapping Technicians"", ""1760"": ""SCI-Physical Scientists, All Other"", ""2016"": ""CMS-Social And Human Service Assistants"", ""2050"": ""CMS-Directors, Religious Activities And Education"", ""2100"": ""LGL-Lawyers, And Judges, Magistrates, And Other Judicial Workers"", ""2105"": ""LGL-Judicial Law Clerks"", ""2435"": ""EDU-Librarians And Media Collections Specialists"", ""2600"": ""ENT-Artists And Related Workers"", ""2634"": ""ENT-Graphic Designers"", ""2751"": ""ENT-Music Directors and Composers"", ""2770"": ""ENT-Entertainers And Performers, Sports and Related Workers, All Other"", ""2825"": ""ENT-Public Relations Specialists"", ""3120"": ""MED-Podiatrists"", ""3255"": ""MED-Registered Nurses"", ""3330"": ""MED-Nuclear Medicine Technologists and Medical Dosimetrists"", ""3500"": ""MED-Licensed Practical And Licensed Vocational Nurses"", ""3515"": ""MED-Medical Records Specialists"", ""3520"": ""MED-Opticians, Dispensing"", ""3602"": ""HLS-Personal Care Aides"", ""3710"": ""PRT-First-Line Supervisors Of Police And Detectives"", ""4000"": ""EAT-Chefs And Head Cooks"", ""4140"": ""EAT-Dishwashers"", ""4150"": ""EAT-Hosts And Hostesses, Restaurant, Lounge, And Coffee Shop"", ""4420"": ""PRS-Ushers, Lobby Attendants, And Ticket Takers"", ""4500"": ""PRS-Barbers"", ""4700"": ""SAL-First-Line Supervisors Of Retail Sales Workers"", ""4840"": ""SAL-Sales Representatives Of Services, Except Advertising, Insurance, Financial Services, And Travel"", ""4920"": ""SAL-Real Estate Brokers And Sales Agents"", ""4930"": ""SAL-Sales Engineers"", ""4950"": ""SAL-Door-To-Door Sales Workers, News And Street Vendors, And Related Workers"", ""5000"": ""OFF-First-Line Supervisors Of Office And Administrative Support Workers"", ""5010"": ""OFF-Switchboard Operators, Including Answering Service"", ""5120"": ""OFF-Bookkeeping, Accounting, And Auditing Clerks"", ""5220"": ""OFF-Court, Municipal, And License Clerks"", ""5740"": ""OFF-Secretaries And Administrative Assistants, Except Legal, Medical, And Executive"", ""5920"": ""OFF-Statistical Assistants"", ""6200"": ""CON-First-Line Supervisors Of Construction Trades And Extraction Workers"", ""6210"": ""CON-Boilermakers"", ""6250"": ""CON-Cement Masons, Concrete Finishers, And Terrazzo Workers"", ""6442"": ""CON-Plumbers, Pipefitters, And Steamfitters"", ""6730"": ""CON-Highway Maintenance Workers"", ""6835"": ""EXT-Explosives Workers, Ordnance Handling Experts, and Blasters"", ""7000"": ""RPR-First-Line Supervisors Of Mechanics, Installers, And Repairers"", ""7010"": ""RPR-Computer, Automated Teller, And Office Machine Repairers"", ""7030"": ""RPR-Avionics Technicians"", ""7210"": ""RPR-Bus And Truck Mechanics And Diesel Engine Specialists"", ""7340"": ""RPR-Maintenance And Repair Workers, General"", ""7410"": ""RPR-Electrical Power-Line Installers And Repairers"", ""7510"": ""RPR-Coin, Vending, And Amusement Machine Servicers And Repairers"", ""7830"": ""PRD-Food And Tobacco Roasting, Baking, And Drying Machine Operators And Tenders"", ""7840"": ""PRD-Food Batchmakers"", ""8000"": ""PRD-Grinding, Lapping, Polishing, And Buffing Machine Tool Setters, Operators, And Tenders, Metal And Plastic"", ""8256"": ""PRD-Print Binding And Finishing Workers"", ""8350"": ""PRD-Tailors, Dressmakers, And Sewers"", ""8800"": ""PRD-Packaging And Filling Machine Operators And Tenders"", ""9430"": ""TRN-Other Transportation Workers"", ""9620"": ""TRN-Laborers And Freight, Stock, And Material Movers, Hand"", ""9800"": ""MIL-Military Officer Special And Tactical Operations Leaders"", ""9920"": ""Unemployed, With No Work Experience In The Last 5 Years Or Earlier Or Never Worked"", ""0135"": ""MGR-Compensation And Benefits Managers"", ""0220"": ""MGR-Construction Managers"", ""0230"": ""MGR-Education And Childcare Administrators"", ""0410"": ""MGR-Property, Real Estate, And Community Association Managers"", ""0520"": ""BUS-Wholesale And Retail Buyers, Except Farm Products"", ""0565"": ""BUS-Compliance Officers"", ""0710"": ""BUS-Management Analysts"", ""0910"": ""FIN-Credit Counselors And Loan Officers"", ""0930"": ""FIN-Tax Examiners And Collectors, And Revenue Agents"", ""1065"": ""CMM-Database Administrators and Architects"", ""1108"": ""CMM-Computer Occupations, All Other"", ""1200"": ""CMM-Actuaries"", ""1306"": ""ENG-Landscape Architects"", ""1640"": ""SCI-Conservation Scientists And Foresters"", ""1910"": ""SCI-Biological Technicians"", ""1920"": ""SCI-Chemical Technicians"", ""1935"": ""SCI-Environmental Science and Geoscience Technicians, And Nuclear Technicians"", ""1970"": ""SCI-Other Life, Physical, And Social Science Technicians"", ""2002"": ""CMS-Educational, Guidance, And Career Counselors And Advisors"", ""2145"": ""LGL-Paralegals And Legal Assistants"", ""2350"": ""EDU-Tutors"", ""2862"": ""ENT-Court Reporters and Simultaneous Captioners"", ""3245"": ""MED-Other Therapists"", ""3250"": ""MED-Veterinarians"", ""3258"": ""MED-Nurse Practitioners, And Nurse Midwives"", ""3261"": ""MED-Acupuncturists"", ""3402"": ""MED-Paramedics"", ""3601"": ""HLS-Home Health Aides"", ""4435"": ""PRS-Other Entertainment Attendants And Related Workers"", ""4461"": ""PRS-Embalmers, Crematory Operators And Funeral Attendants"", ""4521"": ""PRS-Manicurists And Pedicurists"", ""4525"": ""PRS-Other Personal Appearance Workers"", ""4710"": ""SAL-First-Line Supervisors Of Non-Retail Sales Workers"", ""5310"": ""OFF-Interviewers, Except Eligibility And Loan"", ""5530"": ""OFF-Meter Readers, Utilities"", ""5560"": ""OFF-Postal Service Mail Sorters, Processors, And Processing Machine Operators"", ""5850"": ""OFF-Mail Clerks And Mail Machine Operators, Except Postal Service"", ""5910"": ""OFF-Proofreaders And Copy Markers"", ""5940"": ""OFF-Other Office And Administrative Support Workers"", ""6040"": ""FFF-Graders And Sorters, Agricultural Products"", ""6660"": ""CON-Construction And Building Inspectors"", ""6700"": ""CON-Elevator and Escalator Installers And Repairers"", ""6720"": ""CON-Hazardous Materials Removal Workers"", ""7300"": ""RPR-Control And Valve Installers And Repairers"", ""7420"": ""RPR-Telecommunications Line Installers And Repairers"", ""7610"": ""RPR-Helpers--Installation, Maintenance, And Repair Workers"", ""7810"": ""PRD-Butchers And Other Meat, Poultry, And Fish Processing Workers"", ""7850"": ""PRD-Food Cooking Machine Operators And Tenders"", ""7905"": ""PRD-Computer Numerically Controlled Tool Operators And Programmers"", ""8100"": ""PRD-Model Makers, Patternmakers, And Molding Machine Setters, Metal And Plastic"", ""8300"": ""PRD-Laundry And Dry-Cleaning Workers"", ""8335"": ""PRD-Shoe And Leather Workers"", ""8365"": ""PRD-Textile Machine Setters, Operators, And Tenders"", ""8450"": ""PRD-Upholsterers"", ""8760"": ""PRD-Dental And Ophthalmic Laboratory Technicians And Medical Appliance Technicians"", ""8830"": ""PRD-Photographic Process Workers And Processing Machine Operators"", ""8850"": ""PRD-Adhesive Bonding Machine Operators And Tenders"", ""9030"": ""TRN-Aircraft Pilots And Flight Engineers"", ""9121"": ""TRN-Bus Drivers, School"", ""9650"": ""TRN-Pumping Station Operators"", ""9830"": ""MIL-Military, Rank Not Specified""}}"
POBP,Place of birth (Recode),"{""item"": {""360"": ""Argentina"", ""120"": ""Italy"", ""005"": ""Arkansas/AR"", ""368"": ""Guyana"", ""249"": ""Asia"", ""370"": ""Peru"", ""130"": ""Azores Islands"", ""010"": ""Delaware/DE"", ""373"": ""Venezuela"", ""154"": ""Serbia"", ""034"": ""New Jersey/NJ"", ""036"": ""New York/NY"", ""157"": ""Lithuania"", ""159"": ""Azerbaijan"", ""042"": ""Pennsylvania/PA"", ""044"": ""Rhode Island/RI"", ""054"": ""West Virginia/WV"", ""501"": ""Australia"", ""508"": ""Fiji"", ""515"": ""New Zealand"", ""300"": ""Bermuda"", ""421"": ""Ghana"", ""429"": ""Liberia"", ""205"": ""Myanmar"", ""449"": ""South Africa"", ""211"": ""Indonesia"", ""333"": ""Jamaica"", ""460"": ""Zambia"", ""341"": ""Trinidad and Tobago"", ""233"": ""Philippines"", ""235"": ""Saudi Arabia"", ""119"": ""Ireland"", ""365"": ""Ecuador"", ""245"": ""United Arab Emirates"", ""127"": ""Norway"", ""015"": ""Hawaii/HI"", ""136"": ""Sweden"", ""016"": ""Idaho/ID"", ""137"": ""Switzerland"", ""021"": ""Kentucky/KY"", ""142"": ""Northern Ireland"", ""399"": ""Americas, Not Specified"", ""158"": ""Armenia"", ""072"": ""Puerto Rico"", ""323"": ""Bahamas"", ""447"": ""Sierra Leone"", ""328"": ""Dominica"", ""451"": ""Sudan"", ""457"": ""Uganda"", ""463"": ""South Sudan"", ""468"": ""Other Africa, Not Specified"", ""469"": ""Eastern Africa, Not Specified"", ""108"": ""Finland"", ""109"": ""France"", ""117"": ""Hungary"", ""238"": ""Sri Lanka"", ""239"": ""Syria"", ""242"": ""Thailand"", ""248"": ""Yemen"", ""369"": ""Paraguay"", ""009"": ""Connecticut/CT"", ""372"": ""Uruguay"", ""018"": ""Indiana/IN"", ""028"": ""Mississippi/MS"", ""161"": ""Georgia"", ""045"": ""South Carolina/SC"", ""168"": ""Montenegro"", ""048"": ""Texas/TX"", ""169"": ""Other Europe, Not Specified"", ""066"": ""Guam"", ""314"": ""Honduras"", ""200"": ""Afghanistan"", ""321"": ""Antigua and Barbuda"", ""442"": ""Rwanda"", ""202"": ""Bangladesh"", ""206"": ""Cambodia"", ""454"": ""Togo"", ""459"": ""Democratic Republic of Congo (Zaire)"", ""222"": ""Kuwait"", ""102"": ""Austria"", ""228"": ""Mongolia"", ""110"": ""Germany"", ""361"": ""Bolivia"", ""243"": ""Turkey"", ""002"": ""Alaska/AK"", ""126"": ""Netherlands"", ""011"": ""District of Columbia/DC"", ""253"": ""South Central Asia, Not Specified"", ""374"": ""South America"", ""013"": ""Georgia/GA"", ""140"": ""Scotland"", ""022"": ""Louisiana/LA"", ""025"": ""Massachusetts/MA"", ""026"": ""Michigan/MI"", ""027"": ""Minnesota/MN"", ""030"": ""Montana/MT"", ""156"": ""Latvia"", ""163"": ""Russia"", ""053"": ""Washington/WA"", ""511"": ""Marshall Islands"", ""416"": ""Ethiopia"", ""301"": ""Canada"", ""311"": ""Costa Rica"", ""312"": ""El Salvador"", ""554"": ""Other US Island Areas, Oceania, Not Specified, or at Sea"", ""316"": ""Panama"", ""448"": ""Somalia"", ""329"": ""Dominican Republic"", ""209"": ""Hong Kong"", ""453"": ""Tanzania"", ""218"": ""Kazakhstan"", ""340"": ""St. Vincent and the Grenadines"", ""462"": ""Africa"", ""224"": ""Lebanon"", ""001"": ""Alabama/AL"", ""364"": ""Colombia"", ""008"": ""Colorado/CO"", ""129"": ""Portugal"", ""134"": ""Spain"", ""139"": ""England"", ""019"": ""Iowa/IA"", ""150"": ""Bosnia and Herzegovina"", ""152"": ""Macedonia"", ""033"": ""New Hampshire/NH"", ""037"": ""North Carolina/NC"", ""039"": ""Ohio/OH"", ""160"": ""Belarus"", ""162"": ""Moldova"", ""055"": ""Wisconsin/WI"", ""078"": ""US Virgin Islands"", ""400"": ""Algeria"", ""423"": ""Guinea"", ""313"": ""Guatemala"", ""440"": ""Nigeria"", ""444"": ""Senegal"", ""210"": ""India"", ""332"": ""Haiti"", ""212"": ""Iran"", ""217"": ""Korea"", ""338"": ""St. Kitts-Nevis"", ""339"": ""St. Lucia"", ""219"": ""Kyrgyzstan"", ""223"": ""Laos"", ""467"": ""Western Africa, Not Specified"", ""105"": ""Czechoslovakia"", ""004"": ""Arizona/AZ"", ""247"": ""Vietnam"", ""012"": ""Florida/FL"", ""254"": ""Other Asia, Not Specified"", ""017"": ""Illinois/IL"", ""024"": ""Maryland/MD"", ""148"": ""Czech Republic"", ""151"": ""Croatia"", ""038"": ""North Dakota/ND"", ""165"": ""USSR"", ""166"": ""Europe"", ""046"": ""South Dakota/SD"", ""167"": ""Kosovo"", ""049"": ""Utah/UT"", ""050"": ""Vermont/VT"", ""056"": ""Wyoming/WY"", ""527"": ""Samoa"", ""412"": ""Congo"", ""417"": ""Eritrea"", ""303"": ""Mexico"", ""425"": ""Ivory Coast"", ""203"": ""Bhutan"", ""324"": ""Barbados"", ""207"": ""China"", ""330"": ""Grenada"", ""213"": ""Iraq"", ""215"": ""Japan"", ""216"": ""Jordan"", ""464"": ""Northern Africa, Not Specified"", ""106"": ""Denmark"", ""236"": ""Singapore"", ""118"": ""Iceland"", ""363"": ""Chile"", ""246"": ""Uzbekistan"", ""006"": ""California/CA"", ""128"": ""Poland"", ""023"": ""Maine/ME"", ""149"": ""Slovakia"", ""041"": ""Oregon/OR"", ""164"": ""Ukraine"", ""047"": ""Tennessee/TN"", ""060"": ""American Samoa"", ""512"": ""Micronesia"", ""523"": ""Tonga"", ""408"": ""Cabo Verde"", ""414"": ""Egypt"", ""420"": ""Gambia"", ""427"": ""Kenya"", ""430"": ""Libya"", ""436"": ""Morocco"", ""327"": ""Cuba"", ""461"": ""Zimbabwe"", ""100"": ""Albania"", ""343"": ""West Indies"", ""344"": ""Caribbean, Not Specified"", ""103"": ""Belgium"", ""226"": ""Malaysia"", ""231"": ""Pakistan"", ""116"": ""Greece"", ""240"": ""Taiwan"", ""362"": ""Brazil"", ""132"": ""Romania"", ""138"": ""United Kingdom, Not Specified"", ""020"": ""Kansas/KS"", ""147"": ""Yugoslavia"", ""029"": ""Missouri/MO"", ""031"": ""Nebraska/NE"", ""032"": ""Nevada/NV"", ""035"": ""New Mexico/NM"", ""040"": ""Oklahoma/OK"", ""051"": ""Virginia/VA"", ""069"": ""Commonwealth of the Northern Mariana Islands"", ""407"": ""Cameroon"", ""310"": ""Belize"", ""315"": ""Nicaragua"", ""214"": ""Israel"", ""104"": ""Bulgaria"", ""229"": ""Nepal""}}"
PRIVCOV,Private health insurance coverage recode,"{""item"": {""1"": ""With private health insurance coverage"", ""2"": ""Without private health insurance coverage""}}"
PUBCOV,Public health coverage recode,"{""item"": {""1"": ""With public health coverage"", ""2"": ""Without public health coverage""}}"
PUMA,"Public use microdata area code (PUMA) based on 2020 Census definition (areas with population of 100,000 or more, use with STATE for unique code)","{""item"": {""00605"": ""Public use microdata area codes"", ""21302"": ""Public use microdata area codes"", ""00608"": ""Public use microdata area codes"", ""02803"": ""Public use microdata area codes"", ""02802"": ""Public use microdata area codes"", ""02808"": ""Public use microdata area codes"", ""02806"": ""Public use microdata area codes"", ""20203"": ""Public use microdata area codes"", ""01702"": ""Public use microdata area codes"", ""01701"": ""Public use microdata area codes"", ""00610"": ""Public use microdata area codes"", ""11702"": ""Public use microdata area codes"", ""11700"": ""Public use microdata area codes"", ""05001"": ""Public use microdata area codes"", ""01903"": ""Public use microdata area codes"", ""01907"": ""Public use microdata area codes"", ""20402"": ""Public use microdata area codes"", ""07200"": ""Public use microdata area codes"", ""00201"": ""Public use microdata area codes"", ""03710"": ""Public use microdata area codes"", ""74001"": ""Public use microdata area codes"", ""05919"": ""Public use microdata area codes"", ""02407"": ""Public use microdata area codes"", ""23309"": ""Public use microdata area codes"", ""03737"": ""Public use microdata area codes"", ""03730"": ""Public use microdata area codes"", ""05909"": ""Public use microdata area codes"", ""23318"": ""Public use microdata area codes"", ""05905"": ""Public use microdata area codes"", ""23316"": ""Public use microdata area codes"", ""21103"": ""Public use microdata area codes"", ""03904"": ""Public use microdata area codes"", ""01511"": ""Public use microdata area codes"", ""02600"": ""Public use microdata area codes"", ""76001"": ""Public use microdata area codes"", ""01504"": ""Public use microdata area codes"", ""00413"": ""Public use microdata area codes"", ""00412"": ""Public use microdata area codes"", ""01500"": ""Public use microdata area codes"", ""06707"": ""Public use microdata area codes"", ""01004"": ""Public use microdata area codes"", ""00398"": ""Public use microdata area codes"", ""01003"": ""Public use microdata area codes"", ""01001"": ""Public use microdata area codes"", ""60001"": ""Public use microdata area codes"", ""04301"": ""Public use microdata area codes"", ""35017"": ""Public use microdata area codes"", ""35014"": ""Public use microdata area codes"", ""03209"": ""Public use microdata area codes"", ""06715"": ""Public use microdata area codes"", ""03207"": ""Public use microdata area codes"", ""03201"": ""Public use microdata area codes"", ""35008"": ""Public use microdata area codes"", ""03200"": ""Public use microdata area codes"", ""02305"": ""Public use microdata area codes"", ""06900"": ""Public use microdata area codes"", ""00120"": ""Public use microdata area codes"", ""04602"": ""Public use microdata area codes"", ""03757"": ""Public use microdata area codes"", ""25304"": ""Public use microdata area codes"", ""25306"": ""Public use microdata area codes"", ""03750"": ""Public use microdata area codes"", ""05927"": ""Public use microdata area codes"", ""03746"": ""Public use microdata area codes"", ""03740"": ""Public use microdata area codes"", ""03501"": ""Public use microdata area codes"", ""04624"": ""Public use microdata area codes"", ""02201"": ""Public use microdata area codes"", ""06805"": ""Public use microdata area codes"", ""02200"": ""Public use microdata area codes"", ""03775"": ""Public use microdata area codes"", ""01109"": ""Public use microdata area codes"", ""09904"": ""Public use microdata area codes"", ""05301"": ""Public use microdata area codes"", ""01804"": ""Public use microdata area codes"", ""20101"": ""Public use microdata area codes"", ""20100"": ""Public use microdata area codes"", ""07108"": ""Public use microdata area codes"", ""07102"": ""Public use microdata area codes"", ""07103"": ""Public use microdata area codes"", ""07101"": ""Public use microdata area codes"", ""10303"": ""Public use microdata area codes"", ""12701"": ""Public use microdata area codes"", ""07310"": ""Public use microdata area codes"", ""20301"": ""Public use microdata area codes"", ""10505"": ""Public use microdata area codes"", ""10501"": ""Public use microdata area codes"", ""01103"": ""Public use microdata area codes"", ""04615"": ""Public use microdata area codes"", ""01105"": ""Public use microdata area codes"", ""08605"": ""Public use microdata area codes"", ""03151"": ""Public use microdata area codes"", ""00902"": ""Public use microdata area codes"", ""00900"": ""Public use microdata area codes"", ""00905"": ""Public use microdata area codes"", ""04263"": ""Public use microdata area codes"", ""01202"": ""Public use microdata area codes"", ""00117"": ""Public use microdata area codes"", ""00133"": ""Public use microdata area codes"", ""02310"": ""Public use microdata area codes"", ""02316"": ""Public use microdata area codes"", ""04110"": ""Public use microdata area codes"", ""08500"": ""Public use microdata area codes"", ""16101"": ""Public use microdata area codes"", ""16100"": ""Public use microdata area codes"", ""20604"": ""Public use microdata area codes"", ""20602"": ""Public use microdata area codes"", ""07329"": ""Public use microdata area codes"", ""07326"": ""Public use microdata area codes"", ""09505"": ""Public use microdata area codes"", ""02508"": ""Public use microdata area codes"", ""02509"": ""Public use microdata area codes"", ""00798"": ""Public use microdata area codes"", ""00108"": ""Public use microdata area codes"", ""04707"": ""Public use microdata area codes"", ""00101"": ""Public use microdata area codes"", ""02516"": ""Public use microdata area codes"", ""22100"": ""Public use microdata area codes"", ""26701"": ""Public use microdata area codes"", ""09702"": ""Public use microdata area codes"", ""08611"": ""Public use microdata area codes"", ""03165"": ""Public use microdata area codes"", ""08610"": ""Public use microdata area codes"", ""19701"": ""Public use microdata area codes"", ""19703"": ""Public use microdata area codes"", ""07708"": ""Public use microdata area codes"", ""03230"": ""Public use microdata area codes"", ""04407"": ""Public use microdata area codes"", ""01605"": ""Public use microdata area codes"", ""10103"": ""Public use microdata area codes"", ""04900"": ""Public use microdata area codes"", ""03802"": ""Public use microdata area codes"", ""04408"": ""Public use microdata area codes"", ""05306"": ""Public use microdata area codes"", ""05309"": ""Public use microdata area codes"", ""09905"": ""Public use microdata area codes"", ""20702"": ""Public use microdata area codes"", ""03100"": ""Public use microdata area codes"", ""10903"": ""Public use microdata area codes"", ""02011"": ""Public use microdata area codes"", ""27301"": ""Public use microdata area codes"", ""07119"": ""Public use microdata area codes"", ""04101"": ""Public use microdata area codes"", ""06522"": ""Public use microdata area codes"", ""06521"": ""Public use microdata area codes"", ""03005"": ""Public use microdata area codes"", ""03001"": ""Public use microdata area codes"", ""65000"": ""Public use microdata area codes"", ""19100"": ""Public use microdata area codes"", ""04402"": ""Public use microdata area codes"", ""04640"": ""Public use microdata area codes"", ""15303"": ""Public use microdata area codes"", ""20900"": ""Public use microdata area codes"", ""02004"": ""Public use microdata area codes"", ""01398"": ""Public use microdata area codes"", ""02003"": ""Public use microdata area codes"", ""06603"": ""Public use microdata area codes"", ""02000"": ""Public use microdata area codes"", ""21301"": ""Public use microdata area codes"", ""00609"": ""Public use microdata area codes"", ""00607"": ""Public use microdata area codes"", ""08106"": ""Public use microdata area codes"", ""08101"": ""Public use microdata area codes"", ""20207"": ""Public use microdata area codes"", ""08521"": ""Public use microdata area codes"", ""08515"": ""Public use microdata area codes"", ""08300"": ""Public use microdata area codes"", ""03719"": ""Public use microdata area codes"", ""04801"": ""Public use microdata area codes"", ""03714"": ""Public use microdata area codes"", ""11109"": ""Public use microdata area codes"", ""11103"": ""Public use microdata area codes"", ""03704"": ""Public use microdata area codes"", ""09000"": ""Public use microdata area codes"", ""23306"": ""Public use microdata area codes"", ""05915"": ""Public use microdata area codes"", ""03739"": ""Public use microdata area codes"", ""05914"": ""Public use microdata area codes"", ""02403"": ""Public use microdata area codes"", ""23304"": ""Public use microdata area codes"", ""01301"": ""Public use microdata area codes"", ""03722"": ""Public use microdata area codes"", ""23313"": ""Public use microdata area codes"", ""01304"": ""Public use microdata area codes"", ""25701"": ""Public use microdata area codes"", ""11301"": ""Public use microdata area codes"", ""03901"": ""Public use microdata area codes"", ""76002"": ""Public use microdata area codes"", ""06704"": ""Public use microdata area codes"", ""02103"": ""Public use microdata area codes"", ""02100"": ""Public use microdata area codes"", ""01006"": ""Public use microdata area codes"", ""01000"": ""Public use microdata area codes"", ""04306"": ""Public use microdata area codes"", ""03212"": ""Public use microdata area codes"", ""03213"": ""Public use microdata area codes"", ""06720"": ""Public use microdata area codes"", ""26302"": ""Public use microdata area codes"", ""26301"": ""Public use microdata area codes"", ""06716"": ""Public use microdata area codes"", ""06712"": ""Public use microdata area codes"", ""02308"": ""Public use microdata area codes"", ""00123"": ""Public use microdata area codes"", ""06902"": ""Public use microdata area codes"", ""00125"": ""Public use microdata area codes"", ""02304"": ""Public use microdata area codes"", ""00126"": ""Public use microdata area codes"", ""02303"": ""Public use microdata area codes"", ""00118"": ""Public use microdata area codes"", ""04603"": ""Public use microdata area codes"", ""25303"": ""Public use microdata area codes"", ""61001"": ""Public use microdata area codes"", ""05925"": ""Public use microdata area codes"", ""03500"": ""Public use microdata area codes"", ""05920"": ""Public use microdata area codes"", ""04629"": ""Public use microdata area codes"", ""03778"": ""Public use microdata area codes"", ""04625"": ""Public use microdata area codes"", ""03779"": ""Public use microdata area codes"", ""03774"": ""Public use microdata area codes"", ""02204"": ""Public use microdata area codes"", ""04618"": ""Public use microdata area codes"", ""05305"": ""Public use microdata area codes"", ""09901"": ""Public use microdata area codes"", ""01801"": ""Public use microdata area codes"", ""10304"": ""Public use microdata area codes"", ""10306"": ""Public use microdata area codes"", ""21402"": ""Public use microdata area codes"", ""21404"": ""Public use microdata area codes"", ""04613"": ""Public use microdata area codes"", ""01101"": ""Public use microdata area codes"", ""05704"": ""Public use microdata area codes"", ""03763"": ""Public use microdata area codes"", ""08608"": ""Public use microdata area codes"", ""08603"": ""Public use microdata area codes"", ""07510"": ""Public use microdata area codes"", ""20501"": ""Public use microdata area codes"", ""68000"": ""Public use microdata area codes"", ""00906"": ""Public use microdata area codes"", ""08613"": ""Public use microdata area codes"", ""00110"": ""Public use microdata area codes"", ""00111"": ""Public use microdata area codes"", ""04504"": ""Public use microdata area codes"", ""02321"": ""Public use microdata area codes"", ""03412"": ""Public use microdata area codes"", ""04501"": ""Public use microdata area codes"", ""02320"": ""Public use microdata area codes"", ""00134"": ""Public use microdata area codes"", ""03403"": ""Public use microdata area codes"", ""26500"": ""Public use microdata area codes"", ""02314"": ""Public use microdata area codes"", ""04121"": ""Public use microdata area codes"", ""05201"": ""Public use microdata area codes"", ""57002"": ""Public use microdata area codes"", ""09508"": ""Public use microdata area codes"", ""09507"": ""Public use microdata area codes"", ""07325"": ""Public use microdata area codes"", ""09502"": ""Public use microdata area codes"", ""09500"": ""Public use microdata area codes"", ""02504"": ""Public use microdata area codes"", ""02503"": ""Public use microdata area codes"", ""14501"": ""Public use microdata area codes"", ""00107"": ""Public use microdata area codes"", ""00100"": ""Public use microdata area codes"", ""00106"": ""Public use microdata area codes"", ""02511"": ""Public use microdata area codes"", ""26702"": ""Public use microdata area codes"", ""02700"": ""Public use microdata area codes"", ""05101"": ""Public use microdata area codes"", ""08612"": ""Public use microdata area codes"", ""03167"": ""Public use microdata area codes"", ""03161"": ""Public use microdata area codes"", ""03162"": ""Public use microdata area codes"", ""03118"": ""Public use microdata area codes"", ""03114"": ""Public use microdata area codes"", ""04205"": ""Public use microdata area codes"", ""03112"": ""Public use microdata area codes"", ""03106"": ""Public use microdata area codes"", ""03014"": ""Public use microdata area codes"", ""20601"": ""Public use microdata area codes"", ""49003"": ""Public use microdata area codes"", ""06500"": ""Public use microdata area codes"", ""03227"": ""Public use microdata area codes"", ""04316"": ""Public use microdata area codes"", ""03224"": ""Public use microdata area codes"", ""01606"": ""Public use microdata area codes"", ""01604"": ""Public use microdata area codes"", ""01607"": ""Public use microdata area codes"", ""10100"": ""Public use microdata area codes"", ""04901"": ""Public use microdata area codes"", ""53000"": ""Public use microdata area codes"", ""03103"": ""Public use microdata area codes"", ""09910"": ""Public use microdata area codes"", ""02900"": ""Public use microdata area codes"", ""20802"": ""Public use microdata area codes"", ""07600"": ""Public use microdata area codes"", ""06511"": ""Public use microdata area codes"", ""03002"": ""Public use microdata area codes"", ""02908"": ""Public use microdata area codes"", ""03304"": ""Public use microdata area codes"", ""04637"": ""Public use microdata area codes"", ""20902"": ""Public use microdata area codes"", ""04633"": ""Public use microdata area codes"", ""17700"": ""Public use microdata area codes"", ""03759"": ""Public use microdata area codes"", ""11500"": ""Public use microdata area codes"", ""02801"": ""Public use microdata area codes"", ""02800"": ""Public use microdata area codes"", ""08104"": ""Public use microdata area codes"", ""01705"": ""Public use microdata area codes"", ""20205"": ""Public use microdata area codes"", ""00805"": ""Public use microdata area codes"", ""08520"": ""Public use microdata area codes"", ""05002"": ""Public use microdata area codes"", ""08303"": ""Public use microdata area codes"", ""01901"": ""Public use microdata area codes"", ""01900"": ""Public use microdata area codes"", ""01906"": ""Public use microdata area codes"", ""03718"": ""Public use microdata area codes"", ""11108"": ""Public use microdata area codes"", ""11102"": ""Public use microdata area codes"", ""11104"": ""Public use microdata area codes"", ""03738"": ""Public use microdata area codes"", ""05918"": ""Public use microdata area codes"", ""01312"": ""Public use microdata area codes"", ""01310"": ""Public use microdata area codes"", ""02404"": ""Public use microdata area codes"", ""23305"": ""Public use microdata area codes"", ""13500"": ""Public use microdata area codes"", ""01308"": ""Public use microdata area codes"", ""05908"": ""Public use microdata area codes"", ""05907"": ""Public use microdata area codes"", ""05901"": ""Public use microdata area codes"", ""03723"": ""Public use microdata area codes"", ""01305"": ""Public use microdata area codes"", ""00408"": ""Public use microdata area codes"", ""11300"": ""Public use microdata area codes"", ""23502"": ""Public use microdata area codes"", ""01505"": ""Public use microdata area codes"", ""02104"": ""Public use microdata area codes"", ""04309"": ""Public use microdata area codes"", ""03216"": ""Public use microdata area codes"", ""04307"": ""Public use microdata area codes"", ""08902"": ""Public use microdata area codes"", ""04303"": ""Public use microdata area codes"", ""04304"": ""Public use microdata area codes"", ""06714"": ""Public use microdata area codes"", ""03208"": ""Public use microdata area codes"", ""03203"": ""Public use microdata area codes"", ""25301"": ""Public use microdata area codes"", ""03758"": ""Public use microdata area codes"", ""04600"": ""Public use microdata area codes"", ""03741"": ""Public use microdata area codes"", ""04628"": ""Public use microdata area codes"", ""06807"": ""Public use microdata area codes"", ""06806"": ""Public use microdata area codes"", ""06804"": ""Public use microdata area codes"", ""01117"": ""Public use microdata area codes"", ""05303"": ""Public use microdata area codes"", ""05302"": ""Public use microdata area codes"", ""07115"": ""Public use microdata area codes"", ""07112"": ""Public use microdata area codes"", ""21406"": ""Public use microdata area codes"", ""22500"": ""Public use microdata area codes"", ""12703"": ""Public use microdata area codes"", ""07317"": ""Public use microdata area codes"", ""07308"": ""Public use microdata area codes"", ""10504"": ""Public use microdata area codes"", ""00701"": ""Public use microdata area codes"", ""00708"": ""Public use microdata area codes"", ""00700"": ""Public use microdata area codes"", ""03764"": ""Public use microdata area codes"", ""01104"": ""Public use microdata area codes"", ""08606"": ""Public use microdata area codes"", ""03157"": ""Public use microdata area codes"", ""07512"": ""Public use microdata area codes"", ""07509"": ""Public use microdata area codes"", ""05114"": ""Public use microdata area codes"", ""09706"": ""Public use microdata area codes"", ""05105"": ""Public use microdata area codes"", ""00119"": ""Public use microdata area codes"", ""01206"": ""Public use microdata area codes"", ""01203"": ""Public use microdata area codes"", ""24100"": ""Public use microdata area codes"", ""04502"": ""Public use microdata area codes"", ""02318"": ""Public use microdata area codes"", ""02799"": ""Public use microdata area codes"", ""03402"": ""Public use microdata area codes"", ""00131"": ""Public use microdata area codes"", ""16700"": ""Public use microdata area codes"", ""06301"": ""Public use microdata area codes"", ""07328"": ""Public use microdata area codes"", ""02502"": ""Public use microdata area codes"", ""01405"": ""Public use microdata area codes"", ""01404"": ""Public use microdata area codes"", ""00109"": ""Public use microdata area codes"", ""04706"": ""Public use microdata area codes"", ""04701"": ""Public use microdata area codes"", ""00102"": ""Public use microdata area codes"", ""04702"": ""Public use microdata area codes"", ""00103"": ""Public use microdata area codes"", ""00104"": ""Public use microdata area codes"", ""08614"": ""Public use microdata area codes"", ""09701"": ""Public use microdata area codes"", ""05102"": ""Public use microdata area codes"", ""04207"": ""Public use microdata area codes"", ""03110"": ""Public use microdata area codes"", ""03111"": ""Public use microdata area codes"", ""49001"": ""Public use microdata area codes"", ""03228"": ""Public use microdata area codes"", ""70000"": ""Public use microdata area codes"", ""04312"": ""Public use microdata area codes"", ""04310"": ""Public use microdata area codes"", ""03311"": ""Public use microdata area codes"", ""01602"": ""Public use microdata area codes"", ""10102"": ""Public use microdata area codes"", ""04903"": ""Public use microdata area codes"", ""04902"": ""Public use microdata area codes"", ""00304"": ""Public use microdata area codes"", ""10799"": ""Public use microdata area codes"", ""03803"": ""Public use microdata area codes"", ""03801"": ""Public use microdata area codes"", ""71001"": ""Public use microdata area codes"", ""20703"": ""Public use microdata area codes"", ""03102"": ""Public use microdata area codes"", ""02012"": ""Public use microdata area codes"", ""81001"": ""Public use microdata area codes"", ""06525"": ""Public use microdata area codes"", ""04100"": ""Public use microdata area codes"", ""03013"": ""Public use microdata area codes"", ""06517"": ""Public use microdata area codes"", ""26103"": ""Public use microdata area codes"", ""06519"": ""Public use microdata area codes"", ""06515"": ""Public use microdata area codes"", ""26101"": ""Public use microdata area codes"", ""02903"": ""Public use microdata area codes"", ""02901"": ""Public use microdata area codes"", ""15301"": ""Public use microdata area codes"", ""04639"": ""Public use microdata area codes"", ""07902"": ""Public use microdata area codes"", ""03781"": ""Public use microdata area codes"", ""05998"": ""Public use microdata area codes"", ""02006"": ""Public use microdata area codes"", ""02001"": ""Public use microdata area codes"", ""04414"": ""Public use microdata area codes"", ""25308"": ""Public use microdata area codes"", ""00606"": ""Public use microdata area codes"", ""00601"": ""Public use microdata area codes"", ""08105"": ""Public use microdata area codes"", ""20204"": ""Public use microdata area codes"", ""00807"": ""Public use microdata area codes"", ""06102"": ""Public use microdata area codes"", ""11703"": ""Public use microdata area codes"", ""08517"": ""Public use microdata area codes"", ""08510"": ""Public use microdata area codes"", ""03712"": ""Public use microdata area codes"", ""04802"": ""Public use microdata area codes"", ""00202"": ""Public use microdata area codes"", ""11107"": ""Public use microdata area codes"", ""03709"": ""Public use microdata area codes"", ""03707"": ""Public use microdata area codes"", ""03701"": ""Public use microdata area codes"", ""23307"": ""Public use microdata area codes"", ""05916"": ""Public use microdata area codes"", ""03734"": ""Public use microdata area codes"", ""03728"": ""Public use microdata area codes"", ""03724"": ""Public use microdata area codes"", ""23314"": ""Public use microdata area codes"", ""01512"": ""Public use microdata area codes"", ""13000"": ""Public use microdata area codes"", ""06706"": ""Public use microdata area codes"", ""06702"": ""Public use microdata area codes"", ""01007"": ""Public use microdata area codes"", ""06723"": ""Public use microdata area codes"", ""04300"": ""Public use microdata area codes"", ""35013"": ""Public use microdata area codes"", ""26304"": ""Public use microdata area codes"", ""35009"": ""Public use microdata area codes"", ""02302"": ""Public use microdata area codes"", ""02301"": ""Public use microdata area codes"", ""00122"": ""Public use microdata area codes"", ""04607"": ""Public use microdata area codes"", ""05924"": ""Public use microdata area codes"", ""01113"": ""Public use microdata area codes"", ""01112"": ""Public use microdata area codes"", ""03773"": ""Public use microdata area codes"", ""01116"": ""Public use microdata area codes"", ""04622"": ""Public use microdata area codes"", ""01110"": ""Public use microdata area codes"", ""01108"": ""Public use microdata area codes"", ""05706"": ""Public use microdata area codes"", ""04210"": ""Public use microdata area codes"", ""01805"": ""Public use microdata area codes"", ""01800"": ""Public use microdata area codes"", ""10305"": ""Public use microdata area codes"", ""10308"": ""Public use microdata area codes"", ""14900"": ""Public use microdata area codes"", ""00506"": ""Public use microdata area codes"", ""00505"": ""Public use microdata area codes"", ""77001"": ""Public use microdata area codes"", ""07315"": ""Public use microdata area codes"", ""07316"": ""Public use microdata area codes"", ""07311"": ""Public use microdata area codes"", ""20300"": ""Public use microdata area codes"", ""07306"": ""Public use microdata area codes"", ""10503"": ""Public use microdata area codes"", ""00907"": ""Public use microdata area codes"", ""09509"": ""Public use microdata area codes"", ""03762"": ""Public use microdata area codes"", ""19500"": ""Public use microdata area codes"", ""08609"": ""Public use microdata area codes"", ""03153"": ""Public use microdata area codes"", ""04000"": ""Public use microdata area codes"", ""03154"": ""Public use microdata area codes"", ""08601"": ""Public use microdata area codes"", ""03155"": ""Public use microdata area codes"", ""20500"": ""Public use microdata area codes"", ""20503"": ""Public use microdata area codes"", ""10702"": ""Public use microdata area codes"", ""08624"": ""Public use microdata area codes"", ""08625"": ""Public use microdata area codes"", ""08618"": ""Public use microdata area codes"", ""08616"": ""Public use microdata area codes"", ""01201"": ""Public use microdata area codes"", ""05800"": ""Public use microdata area codes"", ""00115"": ""Public use microdata area codes"", ""14300"": ""Public use microdata area codes"", ""03415"": ""Public use microdata area codes"", ""03411"": ""Public use microdata area codes"", ""00132"": ""Public use microdata area codes"", ""11901"": ""Public use microdata area codes"", ""80000"": ""Public use microdata area codes"", ""04111"": ""Public use microdata area codes"", ""04112"": ""Public use microdata area codes"", ""05202"": ""Public use microdata area codes"", ""08505"": ""Public use microdata area codes"", ""02501"": ""Public use microdata area codes"", ""01401"": ""Public use microdata area codes"", ""03164"": ""Public use microdata area codes"", ""03166"": ""Public use microdata area codes"", ""03160"": ""Public use microdata area codes"", ""03115"": ""Public use microdata area codes"", ""19702"": ""Public use microdata area codes"", ""04108"": ""Public use microdata area codes"", ""04103"": ""Public use microdata area codes"", ""20600"": ""Public use microdata area codes"", ""03231"": ""Public use microdata area codes"", ""03225"": ""Public use microdata area codes"", ""04400"": ""Public use microdata area codes"", ""01609"": ""Public use microdata area codes"", ""04404"": ""Public use microdata area codes"", ""09907"": ""Public use microdata area codes"", ""09906"": ""Public use microdata area codes"", ""81002"": ""Public use microdata area codes"", ""04221"": ""Public use microdata area codes"", ""09909"": ""Public use microdata area codes"", ""06524"": ""Public use microdata area codes"", ""03015"": ""Public use microdata area codes"", ""08701"": ""Public use microdata area codes"", ""03011"": ""Public use microdata area codes"", ""06516"": ""Public use microdata area codes"", ""03004"": ""Public use microdata area codes"", ""03000"": ""Public use microdata area codes"", ""26102"": ""Public use microdata area codes"", ""02904"": ""Public use microdata area codes"", ""02907"": ""Public use microdata area codes"", ""04401"": ""Public use microdata area codes"", ""04403"": ""Public use microdata area codes"", ""19900"": ""Public use microdata area codes"", ""03309"": ""Public use microdata area codes"", ""04635"": ""Public use microdata area codes"", ""03305"": ""Public use microdata area codes"", ""03307"": ""Public use microdata area codes"", ""20901"": ""Public use microdata area codes"", ""03782"": ""Public use microdata area codes"", ""04411"": ""Public use microdata area codes"", ""04412"": ""Public use microdata area codes"", ""00604"": ""Public use microdata area codes"", ""00600"": ""Public use microdata area codes"", ""11501"": ""Public use microdata area codes"", ""01703"": ""Public use microdata area codes"", ""00802"": ""Public use microdata area codes"", ""00801"": ""Public use microdata area codes"", ""00800"": ""Public use microdata area codes"", ""06101"": ""Public use microdata area codes"", ""08519"": ""Public use microdata area codes"", ""08512"": ""Public use microdata area codes"", ""05003"": ""Public use microdata area codes"", ""08511"": ""Public use microdata area codes"", ""20401"": ""Public use microdata area codes"", ""01904"": ""Public use microdata area codes"", ""03711"": ""Public use microdata area codes"", ""03702"": ""Public use microdata area codes"", ""03733"": ""Public use microdata area codes"", ""05912"": ""Public use microdata area codes"", ""05911"": ""Public use microdata area codes"", ""23301"": ""Public use microdata area codes"", ""01309"": ""Public use microdata area codes"", ""01302"": ""Public use microdata area codes"", ""00407"": ""Public use microdata area codes"", ""00406"": ""Public use microdata area codes"", ""00404"": ""Public use microdata area codes"", ""00403"": ""Public use microdata area codes"", ""03902"": ""Public use microdata area codes"", ""03905"": ""Public use microdata area codes"", ""00415"": ""Public use microdata area codes"", ""01502"": ""Public use microdata area codes"", ""02102"": ""Public use microdata area codes"", ""02101"": ""Public use microdata area codes"", ""06705"": ""Public use microdata area codes"", ""01008"": ""Public use microdata area codes"", ""08904"": ""Public use microdata area codes"", ""03205"": ""Public use microdata area codes"", ""06717"": ""Public use microdata area codes"", ""00124"": ""Public use microdata area codes"", ""06901"": ""Public use microdata area codes"", ""00121"": ""Public use microdata area codes"", ""02300"": ""Public use microdata area codes"", ""03753"": ""Public use microdata area codes"", ""03748"": ""Public use microdata area codes"", ""03503"": ""Public use microdata area codes"", ""05922"": ""Public use microdata area codes"", ""06802"": ""Public use microdata area codes"", ""04627"": ""Public use microdata area codes"", ""04620"": ""Public use microdata area codes"", ""05710"": ""Public use microdata area codes"", ""27702"": ""Public use microdata area codes"", ""04623"": ""Public use microdata area codes"", ""04617"": ""Public use microdata area codes"", ""09902"": ""Public use microdata area codes"", ""09900"": ""Public use microdata area codes"", ""05300"": ""Public use microdata area codes"", ""07118"": ""Public use microdata area codes"", ""00710"": ""Public use microdata area codes"", ""07104"": ""Public use microdata area codes"", ""10307"": ""Public use microdata area codes"", ""00501"": ""Public use microdata area codes"", ""00500"": ""Public use microdata area codes"", ""12704"": ""Public use microdata area codes"", ""07313"": ""Public use microdata area codes"", ""55002"": ""Public use microdata area codes"", ""07307"": ""Public use microdata area codes"", ""07302"": ""Public use microdata area codes"", ""00703"": ""Public use microdata area codes"", ""05705"": ""Public use microdata area codes"", ""01107"": ""Public use microdata area codes"", ""04612"": ""Public use microdata area codes"", ""08607"": ""Public use microdata area codes"", ""08604"": ""Public use microdata area codes"", ""07511"": ""Public use microdata area codes"", ""03152"": ""Public use microdata area codes"", ""20502"": ""Public use microdata area codes"", ""07500"": ""Public use microdata area codes"", ""10701"": ""Public use microdata area codes"", ""08623"": ""Public use microdata area codes"", ""08620"": ""Public use microdata area codes"", ""22900"": ""Public use microdata area codes"", ""08619"": ""Public use microdata area codes"", ""08615"": ""Public use microdata area codes"", ""01207"": ""Public use microdata area codes"", ""00112"": ""Public use microdata area codes"", ""03410"": ""Public use microdata area codes"", ""03413"": ""Public use microdata area codes"", ""11004"": ""Public use microdata area codes"", ""03409"": ""Public use microdata area codes"", ""08507"": ""Public use microdata area codes"", ""08508"": ""Public use microdata area codes"", ""08506"": ""Public use microdata area codes"", ""20603"": ""Public use microdata area codes"", ""07324"": ""Public use microdata area codes"", ""01402"": ""Public use microdata area codes"", ""04703"": ""Public use microdata area codes"", ""02510"": ""Public use microdata area codes"", ""03602"": ""Public use microdata area codes"", ""02515"": ""Public use microdata area codes"", ""02513"": ""Public use microdata area codes"", ""03600"": ""Public use microdata area codes"", ""01610"": ""Public use microdata area codes"", ""07707"": ""Public use microdata area codes"", ""04011"": ""Public use microdata area codes"", ""05100"": ""Public use microdata area codes"", ""03163"": ""Public use microdata area codes"", ""04209"": ""Public use microdata area codes"", ""19705"": ""Public use microdata area codes"", ""07709"": ""Public use microdata area codes"", ""03107"": ""Public use microdata area codes"", ""49002"": ""Public use microdata area codes"", ""06502"": ""Public use microdata area codes"", ""18500"": ""Public use microdata area codes"", ""04318"": ""Public use microdata area codes"", ""03223"": ""Public use microdata area codes"", ""04406"": ""Public use microdata area codes"", ""01600"": ""Public use microdata area codes"", ""10101"": ""Public use microdata area codes"", ""00307"": ""Public use microdata area codes"", ""04907"": ""Public use microdata area codes"", ""09102"": ""Public use microdata area codes"", ""09101"": ""Public use microdata area codes"", ""07705"": ""Public use microdata area codes"", ""03105"": ""Public use microdata area codes"", ""10901"": ""Public use microdata area codes"", ""03101"": ""Public use microdata area codes"", ""09911"": ""Public use microdata area codes"", ""06518"": ""Public use microdata area codes"", ""03003"": ""Public use microdata area codes"", ""03006"": ""Public use microdata area codes"", ""16302"": ""Public use microdata area codes"", ""03312"": ""Public use microdata area codes"", ""03314"": ""Public use microdata area codes"", ""03310"": ""Public use microdata area codes"", ""04638"": ""Public use microdata area codes"", ""03302"": ""Public use microdata area codes"", ""03303"": ""Public use microdata area codes"", ""00602"": ""Public use microdata area codes"", ""02804"": ""Public use microdata area codes"", ""20200"": ""Public use microdata area codes"", ""00612"": ""Public use microdata area codes"", ""01700"": ""Public use microdata area codes"", ""20206"": ""Public use microdata area codes"", ""21500"": ""Public use microdata area codes"", ""06103"": ""Public use microdata area codes"", ""08522"": ""Public use microdata area codes"", ""05000"": ""Public use microdata area codes"", ""01909"": ""Public use microdata area codes"", ""01902"": ""Public use microdata area codes"", ""20400"": ""Public use microdata area codes"", ""03717"": ""Public use microdata area codes"", ""11101"": ""Public use microdata area codes"", ""03708"": ""Public use microdata area codes"", ""03706"": ""Public use microdata area codes"", ""02406"": ""Public use microdata area codes"", ""02400"": ""Public use microdata area codes"", ""03735"": ""Public use microdata area codes"", ""03736"": ""Public use microdata area codes"", ""01313"": ""Public use microdata area codes"", ""02402"": ""Public use microdata area codes"", ""05906"": ""Public use microdata area codes"", ""03725"": ""Public use microdata area codes"", ""05902"": ""Public use microdata area codes"", ""23312"": ""Public use microdata area codes"", ""01303"": ""Public use microdata area codes"", ""23315"": ""Public use microdata area codes"", ""21104"": ""Public use microdata area codes"", ""21102"": ""Public use microdata area codes"", ""00401"": ""Public use microdata area codes"", ""02601"": ""Public use microdata area codes"", ""01503"": ""Public use microdata area codes"", ""05600"": ""Public use microdata area codes"", ""35012"": ""Public use microdata area codes"", ""04308"": ""Public use microdata area codes"", ""06721"": ""Public use microdata area codes"", ""08900"": ""Public use microdata area codes"", ""02307"": ""Public use microdata area codes"", ""04608"": ""Public use microdata area codes"", ""04605"": ""Public use microdata area codes"", ""03751"": ""Public use microdata area codes"", ""25307"": ""Public use microdata area codes"", ""03754"": ""Public use microdata area codes"", ""04601"": ""Public use microdata area codes"", ""05926"": ""Public use microdata area codes"", ""03502"": ""Public use microdata area codes"", ""05923"": ""Public use microdata area codes"", ""03743"": ""Public use microdata area codes"", ""01114"": ""Public use microdata area codes"", ""27701"": ""Public use microdata area codes"", ""01111"": ""Public use microdata area codes"", ""03770"": ""Public use microdata area codes"", ""05707"": ""Public use microdata area codes"", ""04619"": ""Public use microdata area codes"", ""05304"": ""Public use microdata area codes"", ""07110"": ""Public use microdata area codes"", ""01807"": ""Public use microdata area codes"", ""07106"": ""Public use microdata area codes"", ""07100"": ""Public use microdata area codes"", ""10301"": ""Public use microdata area codes"", ""05199"": ""Public use microdata area codes"", ""07312"": ""Public use microdata area codes"", ""17100"": ""Public use microdata area codes"", ""05709"": ""Public use microdata area codes"", ""05708"": ""Public use microdata area codes"", ""01102"": ""Public use microdata area codes"", ""03767"": ""Public use microdata area codes"", ""05702"": ""Public use microdata area codes"", ""04616"": ""Public use microdata area codes"", ""01106"": ""Public use microdata area codes"", ""04611"": ""Public use microdata area codes"", ""05701"": ""Public use microdata area codes"", ""03761"": ""Public use microdata area codes"", ""03159"": ""Public use microdata area codes"", ""00904"": ""Public use microdata area codes"", ""01200"": ""Public use microdata area codes"", ""01204"": ""Public use microdata area codes"", ""02319"": ""Public use microdata area codes"", ""02312"": ""Public use microdata area codes"", ""03405"": ""Public use microdata area codes"", ""02317"": ""Public use microdata area codes"", ""02315"": ""Public use microdata area codes"", ""03401"": ""Public use microdata area codes"", ""05204"": ""Public use microdata area codes"", ""07322"": ""Public use microdata area codes"", ""07323"": ""Public use microdata area codes"", ""02505"": ""Public use microdata area codes"", ""04705"": ""Public use microdata area codes"", ""02702"": ""Public use microdata area codes"", ""02701"": ""Public use microdata area codes"", ""05103"": ""Public use microdata area codes"", ""04208"": ""Public use microdata area codes"", ""03113"": ""Public use microdata area codes"", ""06509"": ""Public use microdata area codes"", ""06507"": ""Public use microdata area codes"", ""04314"": ""Public use microdata area codes"", ""04798"": ""Public use microdata area codes"", ""03221"": ""Public use microdata area codes"", ""01601"": ""Public use microdata area codes"", ""00308"": ""Public use microdata area codes"", ""00305"": ""Public use microdata area codes"", ""04904"": ""Public use microdata area codes"", ""00301"": ""Public use microdata area codes"", ""20701"": ""Public use microdata area codes"", ""20700"": ""Public use microdata area codes"", ""10902"": ""Public use microdata area codes"", ""27302"": ""Public use microdata area codes"", ""07117"": ""Public use microdata area codes"", ""04104"": ""Public use microdata area codes"", ""06523"": ""Public use microdata area codes"", ""08702"": ""Public use microdata area codes"", ""06520"": ""Public use microdata area codes"", ""03012"": ""Public use microdata area codes"", ""04102"": ""Public use microdata area codes"", ""20803"": ""Public use microdata area codes"", ""20801"": ""Public use microdata area codes"", ""06514"": ""Public use microdata area codes"", ""02902"": ""Public use microdata area codes"", ""04606"": ""Public use microdata area codes"", ""03313"": ""Public use microdata area codes"", ""15302"": ""Public use microdata area codes"", ""03300"": ""Public use microdata area codes"", ""04631"": ""Public use microdata area codes"", ""06604"": ""Public use microdata area codes"", ""06601"": ""Public use microdata area codes"", ""04413"": ""Public use microdata area codes"", ""04410"": ""Public use microdata area codes"", ""11503"": ""Public use microdata area codes"", ""54001"": ""Public use microdata area codes"", ""20201"": ""Public use microdata area codes"", ""00611"": ""Public use microdata area codes"", ""00803"": ""Public use microdata area codes"", ""00804"": ""Public use microdata area codes"", ""11701"": ""Public use microdata area codes"", ""11704"": ""Public use microdata area codes"", ""08516"": ""Public use microdata area codes"", ""08301"": ""Public use microdata area codes"", ""08302"": ""Public use microdata area codes"", ""01908"": ""Public use microdata area codes"", ""01905"": ""Public use microdata area codes"", ""03716"": ""Public use microdata area codes"", ""04803"": ""Public use microdata area codes"", ""03705"": ""Public use microdata area codes"", ""22000"": ""Public use microdata area codes"", ""03703"": ""Public use microdata area codes"", ""23308"": ""Public use microdata area codes"", ""01311"": ""Public use microdata area codes"", ""02405"": ""Public use microdata area codes"", ""23303"": ""Public use microdata area codes"", ""03731"": ""Public use microdata area codes"", ""05910"": ""Public use microdata area codes"", ""05904"": ""Public use microdata area codes"", ""23310"": ""Public use microdata area codes"", ""03721"": ""Public use microdata area codes"", ""00405"": ""Public use microdata area codes"", ""00400"": ""Public use microdata area codes"", ""11302"": ""Public use microdata area codes"", ""03903"": ""Public use microdata area codes"", ""09200"": ""Public use microdata area codes"", ""06709"": ""Public use microdata area codes"", ""06703"": ""Public use microdata area codes"", ""01002"": ""Public use microdata area codes"", ""08903"": ""Public use microdata area codes"", ""06722"": ""Public use microdata area codes"", ""04302"": ""Public use microdata area codes"", ""06724"": ""Public use microdata area codes"", ""03210"": ""Public use microdata area codes"", ""35016"": ""Public use microdata area codes"", ""35015"": ""Public use microdata area codes"", ""03202"": ""Public use microdata area codes"", ""06713"": ""Public use microdata area codes"", ""03204"": ""Public use microdata area codes"", ""02309"": ""Public use microdata area codes"", ""00129"": ""Public use microdata area codes"", ""25305"": ""Public use microdata area codes"", ""03752"": ""Public use microdata area codes"", ""05928"": ""Public use microdata area codes"", ""03745"": ""Public use microdata area codes"", ""03742"": ""Public use microdata area codes"", ""02202"": ""Public use microdata area codes"", ""04626"": ""Public use microdata area codes"", ""04621"": ""Public use microdata area codes"", ""03776"": ""Public use microdata area codes"", ""05308"": ""Public use microdata area codes"", ""07116"": ""Public use microdata area codes"", ""01803"": ""Public use microdata area codes"", ""01806"": ""Public use microdata area codes"", ""07107"": ""Public use microdata area codes"", ""07105"": ""Public use microdata area codes"", ""00709"": ""Public use microdata area codes"", ""21401"": ""Public use microdata area codes"", ""00504"": ""Public use microdata area codes"", ""12702"": ""Public use microdata area codes"", ""09300"": ""Public use microdata area codes"", ""07300"": ""Public use microdata area codes"", ""00702"": ""Public use microdata area codes"", ""00706"": ""Public use microdata area codes"", ""09510"": ""Public use microdata area codes"", ""06000"": ""Public use microdata area codes"", ""05703"": ""Public use microdata area codes"", ""04614"": ""Public use microdata area codes"", ""03768"": ""Public use microdata area codes"", ""05700"": ""Public use microdata area codes"", ""03760"": ""Public use microdata area codes"", ""08602"": ""Public use microdata area codes"", ""07514"": ""Public use microdata area codes"", ""03156"": ""Public use microdata area codes"", ""07508"": ""Public use microdata area codes"", ""10703"": ""Public use microdata area codes"", ""00901"": ""Public use microdata area codes"", ""00903"": ""Public use microdata area codes"", ""21800"": ""Public use microdata area codes"", ""08621"": ""Public use microdata area codes"", ""03168"": ""Public use microdata area codes"", ""09705"": ""Public use microdata area codes"", ""09704"": ""Public use microdata area codes"", ""01208"": ""Public use microdata area codes"", ""00116"": ""Public use microdata area codes"", ""03414"": ""Public use microdata area codes"", ""02322"": ""Public use microdata area codes"", ""11003"": ""Public use microdata area codes"", ""03407"": ""Public use microdata area codes"", ""00135"": ""Public use microdata area codes"", ""03406"": ""Public use microdata area codes"", ""00130"": ""Public use microdata area codes"", ""12100"": ""Public use microdata area codes"", ""21700"": ""Public use microdata area codes"", ""06302"": ""Public use microdata area codes"", ""11902"": ""Public use microdata area codes"", ""05200"": ""Public use microdata area codes"", ""57001"": ""Public use microdata area codes"", ""22700"": ""Public use microdata area codes"", ""02507"": ""Public use microdata area codes"", ""02506"": ""Public use microdata area codes"", ""01407"": ""Public use microdata area codes"", ""01406"": ""Public use microdata area codes"", ""01403"": ""Public use microdata area codes"", ""21000"": ""Public use microdata area codes"", ""04704"": ""Public use microdata area codes"", ""00105"": ""Public use microdata area codes"", ""68701"": ""Public use microdata area codes"", ""03603"": ""Public use microdata area codes"", ""02703"": ""Public use microdata area codes"", ""03108"": ""Public use microdata area codes"", ""02013"": ""Public use microdata area codes"", ""04204"": ""Public use microdata area codes"", ""03116"": ""Public use microdata area codes"", ""19704"": ""Public use microdata area codes"", ""07706"": ""Public use microdata area codes"", ""07402"": ""Public use microdata area codes"", ""21900"": ""Public use microdata area codes"", ""05401"": ""Public use microdata area codes"", ""03222"": ""Public use microdata area codes"", ""04107"": ""Public use microdata area codes"", ""01603"": ""Public use microdata area codes"", ""01608"": ""Public use microdata area codes"", ""00306"": ""Public use microdata area codes"", ""04906"": ""Public use microdata area codes"", ""03800"": ""Public use microdata area codes"", ""09100"": ""Public use microdata area codes"", ""07700"": ""Public use microdata area codes"", ""81003"": ""Public use microdata area codes"", ""16301"": ""Public use microdata area codes"", ""26104"": ""Public use microdata area codes"", ""20804"": ""Public use microdata area codes"", ""26106"": ""Public use microdata area codes"", ""02906"": ""Public use microdata area codes"", ""03308"": ""Public use microdata area codes"", ""03306"": ""Public use microdata area codes"", ""03301"": ""Public use microdata area codes"", ""04630"": ""Public use microdata area codes"", ""02002"": ""Public use microdata area codes"", ""05500"": ""Public use microdata area codes"", ""00603"": ""Public use microdata area codes"", ""11502"": ""Public use microdata area codes"", ""02805"": ""Public use microdata area codes"", ""02807"": ""Public use microdata area codes"", ""08103"": ""Public use microdata area codes"", ""08102"": ""Public use microdata area codes"", ""01704"": ""Public use microdata area codes"", ""20202"": ""Public use microdata area codes"", ""00613"": ""Public use microdata area codes"", ""01706"": ""Public use microdata area codes"", ""00806"": ""Public use microdata area codes"", ""04165"": ""Public use microdata area codes"", ""06100"": ""Public use microdata area codes"", ""08518"": ""Public use microdata area codes"", ""03715"": ""Public use microdata area codes"", ""00200"": ""Public use microdata area codes"", ""04800"": ""Public use microdata area codes"", ""03713"": ""Public use microdata area codes"", ""03700"": ""Public use microdata area codes"", ""05917"": ""Public use microdata area codes"", ""02401"": ""Public use microdata area codes"", ""05913"": ""Public use microdata area codes"", ""23302"": ""Public use microdata area codes"", ""01314"": ""Public use microdata area codes"", ""03732"": ""Public use microdata area codes"", ""23317"": ""Public use microdata area codes"", ""01300"": ""Public use microdata area codes"", ""05903"": ""Public use microdata area codes"", ""23311"": ""Public use microdata area codes"", ""03720"": ""Public use microdata area codes"", ""21101"": ""Public use microdata area codes"", ""21100"": ""Public use microdata area codes"", ""00409"": ""Public use microdata area codes"", ""00402"": ""Public use microdata area codes"", ""03900"": ""Public use microdata area codes"", ""23501"": ""Public use microdata area codes"", ""01506"": ""Public use microdata area codes"", ""00410"": ""Public use microdata area codes"", ""00414"": ""Public use microdata area codes"", ""01501"": ""Public use microdata area codes"", ""00411"": ""Public use microdata area codes"", ""02105"": ""Public use microdata area codes"", ""06701"": ""Public use microdata area codes"", ""01005"": ""Public use microdata area codes"", ""04305"": ""Public use microdata area codes"", ""35011"": ""Public use microdata area codes"", ""08901"": ""Public use microdata area codes"", ""03211"": ""Public use microdata area codes"", ""03206"": ""Public use microdata area codes"", ""26303"": ""Public use microdata area codes"", ""16500"": ""Public use microdata area codes"", ""06903"": ""Public use microdata area codes"", ""00127"": ""Public use microdata area codes"", ""02306"": ""Public use microdata area codes"", ""00128"": ""Public use microdata area codes"", ""04609"": ""Public use microdata area codes"", ""04604"": ""Public use microdata area codes"", ""25302"": ""Public use microdata area codes"", ""03744"": ""Public use microdata area codes"", ""03504"": ""Public use microdata area codes"", ""03747"": ""Public use microdata area codes"", ""05921"": ""Public use microdata area codes"", ""06803"": ""Public use microdata area codes"", ""06801"": ""Public use microdata area codes"", ""01115"": ""Public use microdata area codes"", ""05711"": ""Public use microdata area codes"", ""03771"": ""Public use microdata area codes"", ""03772"": ""Public use microdata area codes"", ""17900"": ""Public use microdata area codes"", ""09903"": ""Public use microdata area codes"", ""04211"": ""Public use microdata area codes"", ""04212"": ""Public use microdata area codes"", ""07111"": ""Public use microdata area codes"", ""01802"": ""Public use microdata area codes"", ""10302"": ""Public use microdata area codes"", ""00503"": ""Public use microdata area codes"", ""00507"": ""Public use microdata area codes"", ""00502"": ""Public use microdata area codes"", ""21405"": ""Public use microdata area codes"", ""21403"": ""Public use microdata area codes"", ""07314"": ""Public use microdata area codes"", ""55001"": ""Public use microdata area codes"", ""10502"": ""Public use microdata area codes"", ""07301"": ""Public use microdata area codes"", ""00704"": ""Public use microdata area codes"", ""21600"": ""Public use microdata area codes"", ""00707"": ""Public use microdata area codes"", ""00705"": ""Public use microdata area codes"", ""07330"": ""Public use microdata area codes"", ""03766"": ""Public use microdata area codes"", ""01100"": ""Public use microdata area codes"", ""04610"": ""Public use microdata area codes"", ""03158"": ""Public use microdata area codes"", ""07513"": ""Public use microdata area codes"", ""07507"": ""Public use microdata area codes"", ""05116"": ""Public use microdata area codes"", ""08622"": ""Public use microdata area codes"", ""08617"": ""Public use microdata area codes"", ""00113"": ""Public use microdata area codes"", ""01205"": ""Public use microdata area codes"", ""00114"": ""Public use microdata area codes"", ""04503"": ""Public use microdata area codes"", ""04500"": ""Public use microdata area codes"", ""11002"": ""Public use microdata area codes"", ""03408"": ""Public use microdata area codes"", ""02313"": ""Public use microdata area codes"", ""03404"": ""Public use microdata area codes"", ""02311"": ""Public use microdata area codes"", ""03400"": ""Public use microdata area codes"", ""11900"": ""Public use microdata area codes"", ""05203"": ""Public use microdata area codes"", ""08501"": ""Public use microdata area codes"", ""09506"": ""Public use microdata area codes"", ""07327"": ""Public use microdata area codes"", ""09504"": ""Public use microdata area codes"", ""09503"": ""Public use microdata area codes"", ""09501"": ""Public use microdata area codes"", ""02500"": ""Public use microdata area codes"", ""51000"": ""Public use microdata area codes"", ""01408"": ""Public use microdata area codes"", ""01400"": ""Public use microdata area codes"", ""03601"": ""Public use microdata area codes"", ""02514"": ""Public use microdata area codes"", ""02512"": ""Public use microdata area codes"", ""01611"": ""Public use microdata area codes"", ""03109"": ""Public use microdata area codes"", ""09703"": ""Public use microdata area codes"", ""04012"": ""Public use microdata area codes"", ""03117"": ""Public use microdata area codes"", ""04200"": ""Public use microdata area codes"", ""04109"": ""Public use microdata area codes"", ""07401"": ""Public use microdata area codes"", ""49004"": ""Public use microdata area codes"", ""06501"": ""Public use microdata area codes"", ""04317"": ""Public use microdata area codes"", ""03229"": ""Public use microdata area codes"", ""05402"": ""Public use microdata area codes"", ""04313"": ""Public use microdata area codes"", ""04315"": ""Public use microdata area codes"", ""04311"": ""Public use microdata area codes"", ""10104"": ""Public use microdata area codes"", ""21200"": ""Public use microdata area codes"", ""00300"": ""Public use microdata area codes"", ""00303"": ""Public use microdata area codes"", ""00302"": ""Public use microdata area codes"", ""04409"": ""Public use microdata area codes"", ""71002"": ""Public use microdata area codes"", ""04405"": ""Public use microdata area codes"", ""03104"": ""Public use microdata area codes"", ""09908"": ""Public use microdata area codes"", ""05307"": ""Public use microdata area codes"", ""20805"": ""Public use microdata area codes"", ""26105"": ""Public use microdata area codes"", ""02905"": ""Public use microdata area codes"", ""20904"": ""Public use microdata area codes"", ""04636"": ""Public use microdata area codes"", ""20903"": ""Public use microdata area codes"", ""07901"": ""Public use microdata area codes"", ""04634"": ""Public use microdata area codes"", ""03780"": ""Public use microdata area codes"", ""02005"": ""Public use microdata area codes"", ""27500"": ""Public use microdata area codes""}}"
RAC1P,"Recoded detailed race code (Note: due to space restrictions, some labels may be truncated.)","{""item"": {""3"": ""American Indian alone"", ""1"": ""White alone"", ""8"": ""Some Other Race alone"", ""6"": ""Asian alone"", ""9"": ""Two or More Races"", ""2"": ""Black or African American alone"", ""4"": ""Alaska Native alone"", ""5"": ""American Indian and Alaska Native tribes specified; or American Indian or Alaska Native, not specified and no other races"", ""7"": ""Native Hawaiian and Other Pacific Islander alone""}}"
SCHL,Educational attainment,"{""item"": {""04"": ""Grade 1"", ""03"": ""Kindergarten"", ""16"": ""Regular high school diploma"", ""01"": ""No schooling completed"", ""07"": ""Grade 4"", ""23"": ""Professional degree beyond a bachelor's degree"", ""22"": ""Master's degree"", ""19"": ""1 or more years of college credit, no degree"", ""10"": ""Grade 7"", ""02"": ""Nursery school, preschool"", ""0"": ""N/A (less than 3 years old)"", ""20"": ""Associate's degree"", ""21"": ""Bachelor's degree"", ""08"": ""Grade 5"", ""24"": ""Doctorate degree"", ""06"": ""Grade 3"", ""14"": ""Grade 11"", ""12"": ""Grade 9"", ""17"": ""GED or alternative credential"", ""09"": ""Grade 6"", ""11"": ""Grade 8"", ""13"": ""Grade 10"", ""18"": ""Some college, but less than 1 year"", ""15"": ""12th grade - no diploma"", ""05"": ""Grade 2""}}"
SEX,Sex,"{""item"": {""1"": ""Male"", ""2"": ""Female""}}"
WKHP,Usual hours worked per week past 12 months,"{""item"": {""0"": ""N/A (less than 16 years old/did not work during the past 12 months)"", ""99"": ""99 or more usual hours""}, ""range"": [{""min"": ""1"", ""max"": ""98"", ""description"": ""1 to 98 usual hours""}]}"
WKL,When last worked,"{""item"": {""2"": ""1-5 years ago"", ""1"": ""Within the past 12 months"", ""0"": ""N/A (less than 16 years old)"", ""3"": ""Over 5 years ago or never worked""}}"
WRK,Worked last week,"{""item"": {""0"": ""N/A (not reported)"", ""1"": ""Worked"", ""2"": ""Did not work""}}"
year,,
